날짜,평균 풍속,최저 기온,최고 기온,강수량,평균 가격
2010-01-01,1.2,-11,0.9,0,2123
2010-01-02,0.9,-5.5,5.5,0.8,2123
2010-01-03,1.8,-6.9,1.4,0,2123
2010-01-04,2.3,-5.1,2.2,5.9,2020
2010-01-05,2.2,-8.7,-1.8,0.7,2060
2010-01-06,1.3,-11.4,-2.5,0.3,2060
2010-01-07,0.3,-11.2,-1.2,0,2140
2010-01-08,0.1,-11.4,1.4,0,2140
2010-01-09,0,-8.8,1.8,0.1,2140
2010-01-10,0.4,-5,2.8,0,2140
2010-01-11,1.6,-5.1,2.1,0,2140
2010-01-12,1.9,-8.2,-1.7,0.4,2140
2010-01-13,2.6,-11.4,-4.6,0.7,2140
2010-01-14,0.7,-12.7,0,0.1,2140
2010-01-15,0.8,-7.9,3.9,0.1,2140
2010-01-16,0.7,-9.9,2.9,0,2140
2010-01-17,0.3,-9.8,4.9,0,2140
2010-01-18,0.2,-7.1,7.7,0,2140
2010-01-19,0,-4.6,11,0.3,2140
2010-01-20,0,4.9,11.3,10.8,2175
2010-01-21,3.5,-3.6,7.9,3.1,2211
2010-01-22,2.8,-5.7,0.8,0,2211
2010-01-23,2,-6.6,2,0.1,2211
2010-01-24,1.8,-5.5,5.8,0,2211
2010-01-25,3.4,-4.3,5.4,0,2211
2010-01-26,1.3,-7.7,4.3,0,2178
2010-01-27,0.8,-5.9,7.4,6.5,2178
2010-01-28,3.7,-0.7,7.4,0.1,2311
2010-01-29,2.8,-4.3,5,0,2344
2010-01-30,1.2,-3.3,7.5,0,2344
2010-01-31,0.7,-1.3,9.4,0,2344
2010-02-01,1.5,-1,6.8,0.2,2380
2010-02-02,2.9,-5.5,1.8,0,2520
2010-02-03,2.7,-8.6,-0.3,0,2620
2010-02-04,2.6,-8.4,2.2,0.1,2720
2010-02-05,2.9,-5.9,3,0,2820
2010-02-06,1.2,-8.5,4.7,0,2820
2010-02-07,1.1,-8.3,8.6,0.1,2820
2010-02-08,0.5,2.8,7.3,2.7,2980
2010-02-09,0.5,3.6,7.8,6.9,3040
2010-02-10,2,4,6.5,9,3040
2010-02-11,4.1,0.7,5.2,17.3,3080
2010-02-12,1.8,-0.6,2.7,3.1,3180
2010-02-13,1.6,-3.3,2.2,1.9,3180
2010-02-14,0.7,-4.9,2.5,0,3180
2010-02-15,1.3,-4.4,5,0.1,3180
2010-02-16,1.3,-5,3.2,0.6,3180
2010-02-17,0.9,-6.1,3.6,0.4,3280
2010-02-18,2.3,-4.8,2.4,0.5,3300
2010-02-19,1.5,-6.1,5.4,0.1,3300
2010-02-20,1.2,-4.2,9.7,0,3300
2010-02-21,0.7,-3.4,11.6,0,3300
2010-02-22,0.8,-0.8,12.8,0,3260
2010-02-23,0.6,-1.2,16.4,0,3260
2010-02-24,0.9,1.2,18.9,0,3300
2010-02-25,0.5,10.3,16.4,33.4,3260
2010-02-26,2.4,6,13.5,4.1,3340
2010-02-27,1.8,3.8,9.2,1.5,3340
2010-02-28,1.1,3,12.6,0.1,3340
2010-03-01,3.7,3.4,8,15.6,3340
2010-03-02,1.8,1.8,6.9,0.3,3340
2010-03-03,1.5,-0.4,10.5,0,3760
2010-03-04,2.2,4.4,7.2,3.9,3860
2010-03-05,0.9,5,9.4,3.8,4140
2010-03-06,2.5,3.1,8.1,3.3,4140
2010-03-07,3.4,2.3,7,0.9,4140
2010-03-08,1.9,0.1,7.6,0.9,4200
2010-03-09,1.7,-0.8,5.8,5.7,4400
2010-03-10,3.2,-2.9,2.6,3.9,4400
2010-03-11,1.9,-2.8,8.4,0,4400
2010-03-12,2.6,1.7,14.5,0,4300
2010-03-13,2.5,1.6,12.5,0,4300
2010-03-14,1.6,1,12.9,1.1,4300
2010-03-15,2.8,4.5,14.4,16.5,4400
2010-03-16,4.5,-0.4,7.2,0,4300
2010-03-17,1.9,-2.7,7.3,1.1,4440
2010-03-18,2,-1.8,6.5,2.3,4440
2010-03-19,1.3,-3.5,13.9,0,4440
2010-03-20,3,5.1,18.5,1,4440
2010-03-21,4.4,1,9.3,0,4440
2010-03-22,0.8,0.4,8,2,4440
2010-03-23,1,3.3,11.4,2.4,4640
2010-03-24,1.3,3.9,13.1,0.1,4680
2010-03-25,1.6,1.4,8.5,4.6,4780
2010-03-26,3.5,-2,8,0,4880
2010-03-27,1,0.5,10,0.9,4880
2010-03-28,2.8,1.7,11.4,0,4880
2010-03-29,2.1,-1.3,12.9,0,5040
2010-03-30,1.3,1,13.6,0,5300
2010-03-31,1,6.3,10.9,18.8,5400
2010-04-01,1.7,5.1,11.6,15.8,5600
2010-04-02,3.5,1.3,12.7,0,5600
2010-04-03,2.6,0.8,12.4,0,5600
2010-04-04,1.2,-0.5,16.6,0,5600
2010-04-05,1.3,4.9,19,0,5700
2010-04-06,2.5,5.1,15.2,0.1,5800
2010-04-07,1.5,1.4,12.9,0.1,5900
2010-04-08,1.2,0,16.5,0,6000
2010-04-09,1.3,4.6,19.5,0,5900
2010-04-10,1.2,6.9,17.7,0.1,5900
2010-04-11,2.2,7.9,17,0.9,5900
2010-04-12,3,9.2,15.9,3.8,6000
2010-04-13,4.9,3,11.3,1.6,6200
2010-04-14,3.2,0.9,8.9,0.7,6200
2010-04-15,1.5,-0.2,12.5,0,6200
2010-04-16,1.7,0.2,14.4,0,6100
2010-04-17,1.9,0.8,16.5,0,6100
2010-04-18,1.4,3.8,16.3,0.2,6100
2010-04-19,1.5,10.1,18.4,5.5,6100
2010-04-20,1.5,10.2,22.5,0.2,5900
2010-04-21,3.5,8.7,16.6,8,5900
2010-04-22,3.1,7.9,12.3,13.9,5900
2010-04-23,1.5,6.2,14.5,2,5800
2010-04-24,1.9,4,17.6,0,5800
2010-04-25,1.1,3.8,20.9,0,5800
2010-04-26,1.7,9,17.5,23.7,5700
2010-04-27,3.3,5.6,14.7,4.2,5600
2010-04-28,2.1,3.2,10,7.8,5600
2010-04-29,4.1,5.2,15,0.5,5600
2010-04-30,2.5,5.7,16.8,0,5400
2010-05-01,2.2,4.3,19.9,0,5400
2010-05-02,1.7,7.3,25.1,0,5400
2010-05-03,2.6,13.7,25.8,0,5083
2010-05-04,1.9,15,27.1,0,5000
2010-05-05,1.6,14,25.7,0.4,5000
2010-05-06,3.1,11.6,23.6,5.2,4813
2010-05-07,3.6,9.9,23.9,0,4813
2010-05-08,2,9.3,24.8,0,4813
2010-05-09,1.2,11.6,25.3,0,4813
2010-05-10,1.9,12.4,22,0.1,4722
2010-05-11,2,8.5,20.3,0.8,4556
2010-05-12,2.2,7.9,20.4,0,4533
2010-05-13,1.2,8.2,21.2,0,4533
2010-05-14,1.3,8.7,23.1,0,4380
2010-05-15,1.7,9.8,22.5,0,4380
2010-05-16,1.6,10.2,26.5,0,4380
2010-05-17,1.6,11.5,26.9,5.8,3860
2010-05-18,1.1,16.4,19.7,51.4,3920
2010-05-19,2,15.1,24.6,2.4,4020
2010-05-20,1.8,13.9,28.2,0,4020
2010-05-21,1,13.8,30.2,0,4020
2010-05-22,1.9,14.7,22.6,24.2,4020
2010-05-23,2.9,14.3,17.5,26.8,4020
2010-05-24,2.2,13.5,17.3,4.8,4000
2010-05-25,1.4,12.9,18.4,1.9,3740
2010-05-26,2.4,11.9,21.4,0.2,3700
2010-05-27,1.4,10.2,22.4,0,3700
2010-05-28,1,11.3,20,0,3700
2010-05-29,1.5,12.7,23.5,0,3700
2010-05-30,1.8,11.5,22.9,0,3700
2010-05-31,1.7,11.6,21.5,0.1,3460
2010-06-01,1.4,9.7,23.1,0,3320
2010-06-02,1.2,11,25.5,0,3320
2010-06-03,1.3,13.5,27.6,0,3220
2010-06-04,1.3,14.8,28.7,0,3220
2010-06-05,1.2,15.3,29.6,0.5,3220
2010-06-06,1,16.1,29.7,1.6,3220
2010-06-07,1.4,16.3,28.3,0.6,3200
2010-06-08,1.3,14.9,28.1,0,3200
2010-06-09,1.2,14.8,30,0,3200
2010-06-10,1,15.8,30,0,3100
2010-06-11,1.2,16,28.6,0.8,3100
2010-06-12,0.9,17.6,23.3,11.9,3100
2010-06-13,1.2,19,27.7,2.9,3100
2010-06-14,1.5,18.8,28.1,2.8,3060
2010-06-15,1.5,19.4,28.7,2.3,3060
2010-06-16,1.6,18.6,29.3,0.2,2800
2010-06-17,0.6,19.5,30.1,0,2800
2010-06-18,1.6,20.7,27.9,1.8,2800
2010-06-19,1.4,20.2,27.1,2.3,2800
2010-06-20,1.5,20.1,28.1,4.6,2800
2010-06-21,2,18.8,28.6,0,2900
2010-06-22,1.3,17,29.3,0,2760
2010-06-23,1,17.4,28.4,0,2800
2010-06-24,0.9,16.5,29.9,0,2700
2010-06-25,1.6,18.6,29.6,0.8,2700
2010-06-26,2,20.4,25.1,11.4,2700
2010-06-27,1.1,20.6,25.5,3.9,2700
2010-06-28,1.1,20,27.9,9.2,2700
2010-06-29,0.7,20.1,29.4,0.1,2760
2010-06-30,0.9,21.3,28.1,3.7,2800
2010-07-01,1,21.8,28.8,5,2567
2010-07-02,0.9,23,26.2,17.1,2544
2010-07-03,0.8,22.8,27.9,6.1,2544
2010-07-04,0.7,22.3,27.1,1.4,2544
2010-07-05,1.7,22.1,30.1,1,2574
2010-07-06,1.3,21.3,31.6,0.4,2664
2010-07-07,1.3,20.7,29.8,1.1,2738
2010-07-08,1,20.1,28.4,0.7,2771
2010-07-09,0.8,20.4,30.2,0.8,2771
2010-07-10,0.9,20.4,29.3,4.6,2771
2010-07-11,2,20.6,24.5,57.6,2771
2010-07-12,0.9,20.1,26.7,0.6,2953
2010-07-13,1.3,20.3,27,11.3,3216
2010-07-14,1.2,20,28.7,0.1,3155
2010-07-15,1.1,20.5,29.3,0.9,3300
2010-07-16,0.8,22,27.1,54.1,3327
2010-07-17,0.5,23.2,27.8,36.6,3327
2010-07-18,1.1,23.5,30.8,1.1,3327
2010-07-19,1.2,23.4,31.9,0.7,3721
2010-07-20,1.1,23.6,32,0.5,3671
2010-07-21,1.4,24.1,32,2.2,3700
2010-07-22,1.6,24.4,32.4,0.2,3744
2010-07-23,1,23.1,30.9,21.3,3759
2010-07-24,1,22.9,30.9,6.7,3759
2010-07-25,1.4,22.8,31.1,5.6,3759
2010-07-26,1.4,23.1,31.1,1.9,3694
2010-07-27,1.5,22.9,31.9,3.2,3792
2010-07-28,0.9,22.5,28.5,14.4,3792
2010-07-29,1.1,23.4,30.9,0.7,3678
2010-07-30,1,24.1,30.9,0.1,3776
2010-07-31,1.6,24.3,31.7,0,3776
2010-08-01,1.5,25.2,33,0,3776
2010-08-02,1,24.2,31.8,4.4,4316
2010-08-03,1,23.5,29.9,1.8,4360
2010-08-04,0.8,24.5,32.9,1.9,4360
2010-08-05,1.2,25.2,33.4,2.6,4360
2010-08-06,0.9,25.5,32.2,9.1,4151
2010-08-07,1,24,31.7,8.4,4151
2010-08-08,1,23.1,32.3,1.9,4151
2010-08-09,1,22.8,33.3,1.3,4240
2010-08-10,1.2,24.5,29.5,43.3,4149
2010-08-11,2.1,24.3,30.4,32.4,4093
2010-08-12,1.7,22.9,30.4,3.1,4270
2010-08-13,1,23.6,29.8,38,4270
2010-08-14,0.7,24.8,30,14,4270
2010-08-15,1.6,24.7,30.1,38.2,4270
2010-08-16,0.7,22.8,29.2,20.6,4258
2010-08-17,0.8,22.3,30.7,16.9,4258
2010-08-18,1,23.2,31.8,14.4,4070
2010-08-19,1,24,32.4,0.4,3642
2010-08-20,0.9,24.2,33.3,0.2,3662
2010-08-21,1.2,24.3,33.9,0,3662
2010-08-22,1.1,24.3,33.6,0.2,3662
2010-08-23,1.4,24.4,32.1,6,3612
2010-08-24,0.8,23.6,31,6.8,3749
2010-08-25,1.4,22.4,28.1,19.3,4146
2010-08-26,1.2,22.6,29.4,12.7,4371
2010-08-27,1.1,23,29.9,6,4371
2010-08-28,1.8,24,28.8,18.3,4371
2010-08-29,1.1,23.5,29.3,29.3,4371
2010-08-30,0.6,23.5,30,4.7,4360
2010-08-31,0.7,23,29.9,17,4383
2010-09-01,1.8,23,31.7,14.8,4420
2010-09-02,2.7,23.5,29.8,26.7,4420
2010-09-03,0.9,23.4,31.7,3.4,4495
2010-09-04,1,23,32.1,0.1,4495
2010-09-05,1.1,23.2,32.3,10.3,4495
2010-09-06,1.2,22.9,26.9,21.5,4895
2010-09-07,3.1,21.6,27.1,18.6,5183
2010-09-08,1.4,19.9,25.2,0.2,5183
2010-09-09,0.8,19.3,26.3,12.4,4945
2010-09-10,1,21.5,29.8,17.4,4945
2010-09-11,0.6,22.6,26.5,42.6,4945
2010-09-12,1.4,20.3,27.3,34.2,4945
2010-09-13,1.1,19,28,0.2,5535
2010-09-14,0.7,18.8,28,0.2,5748
2010-09-15,1.1,17.6,28.5,0.5,6664
2010-09-16,1,16.9,29.5,0,6807
2010-09-17,1,17.3,30,0,6829
2010-09-18,1,18.1,30.1,0,6829
2010-09-19,0.8,18.2,26.4,6.1,6829
2010-09-20,0.6,20.2,27.3,7.4,7184
2010-09-21,1.4,20.6,29.7,30.1,7184
2010-09-22,2.1,16.1,23.2,9.7,7184
2010-09-23,1,13.6,23.3,0.2,7184
2010-09-24,1.2,12.1,23.9,0,7629
2010-09-25,1,12.3,23.7,0,7629
2010-09-26,0.9,13.1,22.6,0.1,7629
2010-09-27,1,13.1,23.7,0.6,11678
2010-09-28,1.6,10.6,21.7,0.5,12410
2010-09-29,0.7,9.2,19.9,0,12410
2010-09-30,1.1,9.4,22.3,0,12011
2010-10-01,1,9.2,23.2,0,12011
2010-10-02,1.1,12.3,22.6,12.9,12011
2010-10-03,1.8,15.3,23.5,6.7,12011
2010-10-04,1.9,13.1,19,2.3,10425
2010-10-05,1,11.4,20.5,0.1,10425
2010-10-06,1,10.4,22.8,0,10025
2010-10-07,0.8,11.3,24.1,0,9626
2010-10-08,1.1,14.1,22.7,3.9,9583
2010-10-09,0.9,14.4,23.7,0.7,9583
2010-10-10,1.1,13,24.6,0,9583
2010-10-11,0.8,12.5,22.5,0.1,9000
2010-10-12,0.9,13.3,22.9,0,8500
2010-10-13,1.1,12.7,20.8,0.3,7600
2010-10-14,1.1,11.4,20.9,0,6800
2010-10-15,1.9,9.1,19.1,0,6100
2010-10-16,1.2,8.2,21.9,0,6100
2010-10-17,0.9,9.2,22.2,0.1,6100
2010-10-18,0.9,8.9,21.7,0.1,5014
2010-10-19,0.9,9.4,22.7,0,4729
2010-10-20,0.9,10.5,21.9,0,4356
2010-10-21,1.7,10.8,21.3,1.1,3860
2010-10-22,0.9,10.8,22.1,0,3770
2010-10-23,0.7,9.9,20.8,0.3,3770
2010-10-24,0.7,13.5,20.5,8.1,3770
2010-10-25,2.2,7.8,17.9,0.3,3688
2010-10-26,1.8,0.8,9.8,0,3647
2010-10-27,0.9,-0.5,13.3,0,3653
2010-10-28,1.1,1.8,14.7,0,3698
2010-10-29,1.1,1.3,17.3,0,3614
2010-10-30,1.1,5.7,18.2,0,3614
2010-10-31,0.9,5.8,17.9,0.6,3614
2010-11-01,1.5,5.7,17.6,0,3594
2010-11-02,2.4,3.1,12.6,0,3412
2010-11-03,1.2,0.2,14,0,3362
2010-11-04,1,2.5,16.9,0,3222
2010-11-05,1.1,4.6,17.7,0,3184
2010-11-06,0.8,5.2,18.1,0,3184
2010-11-07,0.7,5.7,17.8,0.4,3184
2010-11-08,3.1,4.5,14,1.5,3111
2010-11-09,4.5,3.3,9.9,0.1,3154
2010-11-10,1.6,0.2,12.3,0,3079
2010-11-11,0.9,1.6,16.5,5.5,3142
2010-11-12,2.6,4.3,15.3,0.3,3190
2010-11-13,0.9,1.8,16.3,0,3190
2010-11-14,1.9,5.2,14.4,0,3190
2010-11-15,2.4,-0.9,8.8,0,3329
2010-11-16,1,-2.7,10.6,0,3435
2010-11-17,0.8,-0.1,12.6,0,3561
2010-11-18,0.7,-0.6,13.4,0,3820
2010-11-19,0.5,-0.9,12.2,0,3784
2010-11-20,0.8,0,16,0,3784
2010-11-21,0.8,2.4,17.3,0,3784
2010-11-22,2.1,2.1,14.3,1.3,3958
2010-11-23,0.8,-1.5,13.2,0,3927
2010-11-24,0.6,1.6,13.8,0,3845
2010-11-25,2,1.1,10.4,0,3610
2010-11-26,1.3,-2.7,7.6,0,3670
2010-11-27,1.5,-3.3,10.8,1.3,3670
2010-11-28,2,-3.1,5.8,0.2,3670
2010-11-29,1.1,-1.5,11.9,0.9,3657
2010-11-30,0.7,2.3,15.1,0.6,3546
2010-12-01,0.7,2.1,15.3,0,3411
2010-12-02,0.4,3.6,13.2,1.2,3459
2010-12-03,4.3,-0.4,10,0.6,3595
2010-12-04,0.9,-2.7,10.2,0,3595
2010-12-05,0.3,1.1,14.6,0,3595
2010-12-06,2.3,0.3,12.1,1,3582
2010-12-07,1.1,-2.7,6,0.3,3552
2010-12-08,0.7,-3.5,5.9,2.1,3552
2010-12-09,2.1,-3.8,5,0.1,3709
2010-12-10,0.5,-5,11.4,0.5,3679
2010-12-11,3.7,-4.7,9.8,0,3679
2010-12-12,0.9,-7.4,4.8,0.1,3679
2010-12-13,0.4,0.9,5.8,11.9,3633
2010-12-14,3.2,-5,5.7,0,3509
2010-12-15,3.1,-8.7,-2.4,0.1,3573
2010-12-16,1.8,-10,0,0,3616
2010-12-17,1.3,-4.9,4.7,0.8,3616
2010-12-18,0.6,-4.6,8.1,0,3616
2010-12-19,0.4,-1.6,11.3,0,3616
2010-12-20,0.7,-0.4,11.8,0,3616
2010-12-21,0.7,-1.9,11,0,3616
2010-12-22,1,-1.1,10.6,0,3408
2010-12-23,2.2,-3.7,7.9,0,3455
2010-12-24,3.5,-9.5,-2.7,0,3398
2010-12-25,3.5,-11,-3.1,0.4,3398
2010-12-26,2.6,-9.6,-1,0.9,3398
2010-12-27,1.1,-6.6,3.6,0.6,3576
2010-12-28,1.5,-3.4,4.7,3.8,3576
2010-12-29,1.6,-5.8,1.8,0.2,3576
2010-12-30,1.9,-6.4,1,4,3599
2010-12-31,1.9,-9.3,-2.3,1,3601
2011-01-01,0.8,-10.4,0.7,0.4,3601
2011-01-02,0.9,-9.5,3.6,0,3601
2011-01-03,0.6,-8.5,1.8,1.8,4252
2011-01-04,1.2,-6.8,2.2,0,4168
2011-01-05,2.8,-4,2.5,0,4376
2011-01-06,1.5,-7.3,-0.5,0.1,4609
2011-01-07,1.1,-10.8,0.6,0,4609
2011-01-08,1.2,-10,3.4,0,4609
2011-01-09,2.7,-8.2,1.4,0,4609
2011-01-10,1.1,-11.8,-0.8,0,4399
2011-01-11,1.2,-9.5,1.5,0.4,4423
2011-01-12,2.3,-9.2,-1.1,0,4495
2011-01-13,0.8,-11.6,1.4,0,4521
2011-01-14,0.9,-9.5,3.5,0.1,4521
2011-01-15,3.7,-13,-1.8,0.2,4521
2011-01-16,1.7,-14.8,-5.2,0.1,4521
2011-01-17,1.2,-13.2,-0.6,0,4832
2011-01-18,1.3,-10.6,0.5,0,4888
2011-01-19,1.8,-8.6,0.8,0,5083
2011-01-20,1.7,-9.3,-0.9,0,4551
2011-01-21,1.2,-9.6,0.8,0,4451
2011-01-22,1,-8.9,3,0,4451
2011-01-23,0.8,-6.6,2.7,1.4,4451
2011-01-24,2.3,-8.2,-1.4,0.3,5104
2011-01-25,1.3,-10.7,-0.3,0,5251
2011-01-26,2.2,-10.5,-0.4,0,5075
2011-01-27,1.6,-10.5,-0.5,0,5234
2011-01-28,1.6,-8.2,0.4,0,5234
2011-01-29,2.6,-10.5,-2,0.2,5234
2011-01-30,2.3,-11.8,-2.8,0.2,5234
2011-01-31,1.6,-11.9,1.3,0,5221
2011-02-01,1.2,-6.7,7.2,0,5134
2011-02-02,1.1,-3.9,8.9,0,5134
2011-02-03,0.9,-5.2,8.7,0,5134
2011-02-04,1.2,-3.7,8.8,0,5134
2011-02-05,0.7,-3.4,8.5,0,5134
2011-02-06,0.7,-3.3,8.6,0,5134
2011-02-07,0.8,-2.9,7.6,0,4859
2011-02-08,0.7,-0.7,6.3,1.3,4843
2011-02-09,2.2,-2.9,5.5,0,4815
2011-02-10,0.8,-4.6,3.1,0.3,4744
2011-02-11,1.9,-4.8,4,4.5,4727
2011-02-12,2.9,-7.2,0.7,1.9,4727
2011-02-13,0.9,-9.8,2.5,0,4727
2011-02-14,1,-5.5,0.9,3.4,4626
2011-02-15,1.1,-7.3,5.6,0,4651
2011-02-16,0.5,-6.3,7.7,1.5,4893
2011-02-17,0.8,-0.8,4.4,3.8,4893
2011-02-18,0.9,-3.9,8.1,0,4834
2011-02-19,1.1,-3.8,9.7,0,4834
2011-02-20,2.2,-2.8,11.9,0,4834
2011-02-21,0.8,-1.4,11.6,0,4841
2011-02-22,1,-2.6,12.4,0,4847
2011-02-23,1.1,-2,13.7,0,4699
2011-02-24,1.6,-0.4,16,0,4791
2011-02-25,2.2,-0.8,10.7,0,4770
2011-02-26,1.3,-2.7,12.8,0.1,4770
2011-02-27,3.1,4.1,8.6,43,4770
2011-02-28,3.4,3.4,7.2,3.8,4710
2011-03-01,2.1,-0.4,5.6,3.2,4710
2011-03-02,3,-3.3,4.3,0,4763
2011-03-03,2.1,-5.4,4.1,0,4590
2011-03-04,1.9,-4.6,6.8,0,4688
2011-03-05,1.3,-3.8,9,0,4688
2011-03-06,1.5,-0.6,10.8,0,4688
2011-03-07,3,-0.1,7.6,0,4750
2011-03-08,3.2,-2.9,9,0,4798
2011-03-09,3.5,-2,6.7,0,4544
2011-03-10,2.8,-3.5,8.6,0,4596
2011-03-11,2.3,-1.5,12,0,4629
2011-03-12,1.3,0.4,15.4,0,4629
2011-03-13,1.3,2.4,18.1,0,4629
2011-03-14,1.4,3.9,16.1,0,4693
2011-03-15,4.5,-0.6,8.9,0,4761
2011-03-16,3.6,-2.4,5.9,0,4743
2011-03-17,1.9,-3.5,8.4,0,4846
2011-03-18,1.5,-3.6,13.8,0,4824
2011-03-19,2.5,4.3,16.4,0,4824
2011-03-20,1.2,4.5,11.3,15.2,4824
2011-03-21,2,4.1,13.1,0.6,4824
2011-03-22,3.3,0.1,7.7,0.4,4824
2011-03-23,2.3,-3,8.7,0,4824
2011-03-24,2.4,-0.4,10.6,2.8,4776
2011-03-25,2.9,-0.5,7.1,0.3,4662
2011-03-26,1.8,-2.9,9.3,0,4662
2011-03-27,1.5,-2.5,11.9,0,4662
2011-03-28,1.7,1,11.9,0.4,4550
2011-03-29,1.5,-1.2,11.2,0,4530
2011-03-30,2.2,0.4,15.7,0,4486
2011-03-31,1.4,1.6,19,0,4341
2011-04-01,1.9,1.5,19.8,0,4341
2011-04-02,1.5,4.7,14,0.1,4341
2011-04-03,1.5,2.8,12.1,2.6,4341
2011-04-04,1.3,1.1,15.3,0,4265
2011-04-05,1.5,0.5,18.2,0,4073
2011-04-06,1.8,1.3,18.9,0.7,4057
2011-04-07,0.7,9.1,14.4,17.1,3783
2011-04-08,2,7.1,17.4,3.3,3783
2011-04-09,2.1,3.4,18.1,0,3783
2011-04-10,1.4,4.5,19.9,0.5,3783
2011-04-11,2.4,5.1,15.4,2.7,3905
2011-04-12,2.2,1.4,18.3,0,3905
2011-04-13,2.1,3.6,20.2,0,3961
2011-04-14,1.6,4.3,21.2,0,3808
2011-04-15,3.2,9.8,23.5,0.1,3708
2011-04-16,2.2,6.1,18.8,0.1,3708
2011-04-17,1.8,4,18.7,0,3708
2011-04-18,2.3,5.1,11.8,2.7,3654
2011-04-19,2.3,4.2,15.1,0.7,3329
2011-04-20,2,2.8,18.5,0,3126
2011-04-21,1.4,5.4,20.3,0,2406
2011-04-22,1.7,8.7,13.9,26.8,2360
2011-04-23,3.6,6.3,15.8,0,2360
2011-04-24,3.5,5,16,0.4,2360
2011-04-25,3.4,6.3,18.8,0.3,2304
2011-04-26,1.4,9.8,15.3,11.9,2225
2011-04-27,1.7,8.2,16.8,2.4,2243
2011-04-28,1.9,5.9,15.4,0.7,2117
2011-04-29,1.3,4.1,19.9,0.6,1978
2011-04-30,1.7,13.3,21.3,37.3,1978
2011-05-01,3.4,11.2,18.7,2.3,1978
2011-05-02,1.5,9.5,21.9,0,1889
2011-05-03,2.2,10.8,22.5,0,1769
2011-05-04,1.1,7.4,21.3,0,1735
2011-05-05,1.7,8.5,21.8,0,1735
2011-05-06,1.3,9.5,19.3,1.1,1650
2011-05-07,2.5,13.7,24.2,1.2,1650
2011-05-08,1.5,12.3,25.5,0,1650
2011-05-09,2,14.1,24.6,5.7,1594
2011-05-10,2,15.2,22.6,41.3,1594
2011-05-11,2.9,14,18.1,46.4,1611
2011-05-12,1.7,11.6,19.3,2.9,1593
2011-05-13,3.6,10,22.2,0,1585
2011-05-14,3.2,11.1,24.3,0,1585
2011-05-15,2.9,9.3,25.6,0,1585
2011-05-16,2.5,11.2,22.5,0,1590
2011-05-17,1.7,8.6,23.5,0,1349
2011-05-18,1.4,10.4,26.1,0,1313
2011-05-19,1.6,15,25.8,0.1,1217
2011-05-20,1.2,16.4,24.5,3.3,1220
2011-05-21,1,14.3,22.1,4.4,1220
2011-05-22,1.1,13,22.1,1.8,1220
2011-05-23,1,12,20.4,3.5,1282
2011-05-24,1.1,9.8,26.1,0,1272
2011-05-25,1.1,13.2,24.8,0,1263
2011-05-26,1.6,14.3,19,6.2,1150
2011-05-27,1.7,14,20.1,0.7,1142
2011-05-28,1.1,13.5,24.9,0,1142
2011-05-29,1.7,13.9,26.1,0,1142
2011-05-30,1.6,13.6,25.2,0,1192
2011-05-31,1.5,15.3,20,2,1196
2011-06-01,1.2,14.5,22.2,11.6,1169
2011-06-02,1.2,14.7,24.3,0,1212
2011-06-03,1.6,14.2,26.1,0,1212
2011-06-04,2.5,16.5,26,0.1,1212
2011-06-05,1.4,16.1,28.3,0,1212
2011-06-06,1.3,14.6,27.8,0,1212
2011-06-07,1.4,15.1,28.3,0,1250
2011-06-08,1.4,15.7,28.8,0.4,1236
2011-06-09,1.7,17.3,25.6,0.3,1227
2011-06-10,0.8,17.7,25.1,2.8,1222
2011-06-11,1.1,17,29.6,1.4,1222
2011-06-12,1.5,17.6,28.3,0.8,1222
2011-06-13,1.7,16.8,25.8,0.1,1211
2011-06-14,1.2,15.8,27.4,0,1211
2011-06-15,1.3,17,27.2,0.1,1216
2011-06-16,1.7,17.2,28.5,0,1292
2011-06-17,1.2,16.6,28.1,0,1287
2011-06-18,1.2,18.2,27.3,1.5,1287
2011-06-19,1.3,17.1,29.5,0,1287
2011-06-20,1.8,17.5,29.9,0.8,1201
2011-06-21,2.1,18.5,31.5,0.1,1167
2011-06-22,1.3,20.9,27.3,22.1,1178
2011-06-23,2.6,22.5,28.4,21.6,1178
2011-06-24,2.4,19.8,25.5,52.1,1179
2011-06-25,2.6,18.4,21.8,54.1,1179
2011-06-26,4.6,18.3,23.2,48.3,1179
2011-06-27,2.1,18.6,25.2,3.4,1200
2011-06-28,1.8,18.4,29.6,4.7,1199
2011-06-29,1.4,21.8,28.8,34,1189
2011-06-30,1.3,21.9,28.2,19.4,1318
2011-07-01,1.4,21.9,29.6,0.8,1385
2011-07-02,1.2,22.2,30.7,2.1,1385
2011-07-03,1.4,22.1,26.5,49.1,1385
2011-07-04,2.5,20.5,29,9,1465
2011-07-05,1.3,19,30.4,0,1492
2011-07-06,0.9,19.5,27,4.2,1614
2011-07-07,1,20.9,25.7,21.8,1653
2011-07-08,1.6,22.5,27.3,22.6,1718
2011-07-09,1.1,21.2,26.1,84.4,1718
2011-07-10,0.8,21,26.6,57.2,1718
2011-07-11,1,20.7,27,20.6,1734
2011-07-12,0.6,21.8,26.8,30.7,1786
2011-07-13,0.7,22.8,27.2,8.9,1923
2011-07-14,0.9,23.3,28.6,20.4,2158
2011-07-15,1.1,23.2,30.1,6.8,2198
2011-07-16,1.1,22.8,30.5,9.3,2198
2011-07-17,0.8,22.6,31.4,2.9,2198
2011-07-18,2.5,22.8,32,0.1,2287
2011-07-19,4.2,23.7,31.8,0.7,2287
2011-07-20,2.2,22.4,31.8,0,2331
2011-07-21,1.8,20.8,28.9,1.4,2648
2011-07-22,1.7,20.1,26.6,3.6,2743
2011-07-23,1.2,21.4,29.1,2.1,2743
2011-07-24,1,22.1,27,14.1,2743
2011-07-25,1.1,21.6,28.6,6,3003
2011-07-26,1.3,22.6,29.8,17.5,3075
2011-07-27,1.1,24,29,55.6,3155
2011-07-28,1.1,24,30.7,12.1,3435
2011-07-29,1.3,23.9,31.4,7.7,3548
2011-07-30,1.1,23.7,30.6,6.5,3548
2011-07-31,0.7,23.2,29.2,13.3,3548
2011-08-01,1.6,23.3,28.2,33.6,3723
2011-08-02,1.6,23.3,28.8,13,3764
2011-08-03,1.2,23.4,30.6,9.3,3975
2011-08-04,0.8,23.4,31.8,2.9,3979
2011-08-05,1.1,23.3,33.2,0.1,3976
2011-08-06,1.3,24.1,31.8,2.5,3976
2011-08-07,2.6,24.4,30.8,32.9,3976
2011-08-08,2.8,23.9,29.9,28.8,4294
2011-08-09,0.9,23.3,27.5,35.9,4294
2011-08-10,1.9,23.9,29.3,11.9,4294
2011-08-11,1.5,24.1,31.5,5.9,4430
2011-08-12,0.9,23.9,30.2,15.6,4043
2011-08-13,1,23.5,29.7,6.4,4043
2011-08-14,1.2,23.5,30.6,4.4,4043
2011-08-15,1.3,23.3,30.1,1.7,4043
2011-08-16,1.1,23.7,30.6,12.6,3913
2011-08-17,1.1,23.6,28.1,25.6,3930
2011-08-18,1.4,22.2,28.7,5.6,3930
2011-08-19,1.1,20.7,25.5,3.5,3993
2011-08-20,1,19.1,23.7,15,3993
2011-08-21,1.1,18.3,27.9,2.9,3993
2011-08-22,1,18.6,25.7,2,3993
2011-08-23,1.7,17.9,25.7,3.3,4047
2011-08-24,1.4,19.4,25.9,2,3973
2011-08-25,1.3,20.1,27.5,0.4,4109
2011-08-26,1.2,21,27.7,1.4,4098
2011-08-27,1.1,21.8,29.5,0.8,4098
2011-08-28,1.1,21.3,30.2,0,4098
2011-08-29,0.7,21.9,31,1.4,4098
2011-08-30,0.9,22.4,30.9,0.7,4048
2011-08-31,0.9,22.1,31.8,0,4223
2011-09-01,0.9,21.1,32.1,0,4309
2011-09-02,2.1,20.6,30.3,0.5,4182
2011-09-03,1.7,20.9,29.5,0.2,4182
2011-09-04,1.8,19.4,28.3,2.1,4182
2011-09-05,1,18.3,28.1,1.9,3731
2011-09-06,1.5,16.7,28.3,0.1,3650
2011-09-07,1,14.8,27.9,0,3561
2011-09-08,0.6,18.7,25.8,0.1,3415
2011-09-09,0.5,18.8,23.9,1.6,3485
2011-09-10,1.2,18.1,22.1,16.2,3485
2011-09-11,1.1,19.1,24.6,24.5,3485
2011-09-12,0.8,21.1,28.2,4,3485
2011-09-13,0.8,21.3,29.5,0.1,3485
2011-09-14,1,21.3,30.5,0,3757
2011-09-15,0.9,20.4,31.1,0,3643
2011-09-16,0.9,20.6,31.5,0,3698
2011-09-17,1.7,21,30,3.3,3698
2011-09-18,2.8,19,25.3,3.6,3698
2011-09-19,3,15.7,20.5,0.6,3521
2011-09-20,2.5,13.5,21.5,0.1,3424
2011-09-21,1.7,12.1,23.2,0,3422
2011-09-22,1.2,10.4,24,0,3176
2011-09-23,0.9,11.1,25.3,0,2858
2011-09-24,0.9,11.9,25.5,0,2858
2011-09-25,0.9,12.5,25.8,0,2858
2011-09-26,1.2,12.2,26.5,0,2651
2011-09-27,0.7,11.2,26.4,0,2472
2011-09-28,0.8,13.7,23.5,0,2538
2011-09-29,2,16,20.2,12.4,2219
2011-09-30,1.3,11.8,21.5,0.2,2308
2011-10-01,1.1,8.7,19.3,0,2308
2011-10-02,0.9,8.2,18.7,0,2308
2011-10-03,0.9,6,20.1,0,2308
2011-10-04,1,6.5,21.9,0,2463
2011-10-05,1.4,11,22.5,0,2466
2011-10-06,1.1,9.9,22.3,0,2183
2011-10-07,0.7,7.9,21.7,0,2292
2011-10-08,0.8,8.2,22.7,0,2292
2011-10-09,0.9,9.1,23.1,0,2292
2011-10-10,1.2,10.5,24.5,0,2289
2011-10-11,0.7,10.8,23.8,0,2378
2011-10-12,0.8,8.5,21.5,0,2345
2011-10-13,0.6,10.9,24.6,0,2177
2011-10-14,1.8,12.4,16.1,9.8,2220
2011-10-15,2.6,11.8,20.6,5.3,2220
2011-10-16,1.9,10.8,20.4,0.4,2220
2011-10-17,0.9,7.2,19.1,0,2376
2011-10-18,0.8,3.3,17.9,0,2299
2011-10-19,0.8,4.1,21.1,0,2282
2011-10-20,1.6,9.1,21.4,0,2250
2011-10-21,0.8,11.5,20.1,9.1,2225
2011-10-22,0.9,11.9,19,22,2225
2011-10-23,2,10.1,19.7,0,2225
2011-10-24,2,11,17,1.9,2207
2011-10-25,0.8,3.8,13.5,0,2208
2011-10-26,0.8,1,16.5,0,2208
2011-10-27,0.7,3.5,19.4,0,2209
2011-10-28,0.9,7.7,20.2,0,2217
2011-10-29,0.9,10,17.1,2.3,2217
2011-10-30,1,9.8,19.6,0.3,2217
2011-10-31,0.9,7.3,21.2,0,1999
2011-11-01,0.9,8.1,22.3,0,1973
2011-11-02,1,12.5,22.1,0.1,1959
2011-11-03,0.9,12.1,23.8,0,1921
2011-11-04,1.6,14,23.8,2.3,1900
2011-11-05,2.3,16.2,23.4,21.1,1900
2011-11-06,0.7,14.5,19,9,1900
2011-11-07,1.6,13.3,19.2,0.3,1834
2011-11-08,2.2,11.8,17.6,1.1,1796
2011-11-09,0.9,11.4,16.6,0.8,1741
2011-11-10,0.8,10.1,16.9,0.1,1611
2011-11-11,1.1,9.3,16.6,1.9,1480
2011-11-12,1.3,7.7,17,0,1480
2011-11-13,1.5,7.5,17,0,1480
2011-11-14,1,3.5,13.5,0,1470
2011-11-15,0.9,1.7,14,0,1415
2011-11-16,1,1.7,17,0,1342
2011-11-17,1,6.8,15.7,1,1197
2011-11-18,2.6,11.4,17.5,20.6,1168
2011-11-19,3.1,7.6,18.1,6.3,1168
2011-11-20,1.7,0.9,7.7,0,1168
2011-11-21,0.6,-1.8,8.4,0,1146
2011-11-22,2.8,-1.1,9.2,0.2,1131
2011-11-23,3,1.9,10.4,5.2,1135
2011-11-24,1.3,-1.7,5.9,0,1122
2011-11-25,0.4,-1.8,9.3,0,1129
2011-11-26,0.8,-0.9,12.5,0,1129
2011-11-27,0.6,5.2,17.5,0.1,1129
2011-11-28,1.8,7.8,18.2,0.4,1101
2011-11-29,3.5,8.2,16.6,2.4,1093
2011-11-30,2.9,5,11.5,29.7,1106
2011-12-01,2.5,4.3,8.2,1.6,1106
2011-12-02,1,3,9.4,2.6,1106
2011-12-03,1.3,3.2,9.6,7,1106
2011-12-04,0.7,0.9,9,0,1106
2011-12-05,0.7,-1.7,8.2,0,1189
2011-12-06,0.8,1.6,9.2,0.2,1181
2011-12-07,2.2,2.4,9.1,0,1181
2011-12-08,1.9,-0.5,7.4,1.7,1141
2011-12-09,1.4,-3,2.7,1.5,1132
2011-12-10,1.6,-4.7,3.4,0.5,1132
2011-12-11,1.2,-0.5,7,0,1132
2011-12-12,0.7,-0.5,9.5,0,1149
2011-12-13,1.1,-3.4,9.8,0,1133
2011-12-14,2.7,-2.8,10,0,1133
2011-12-15,2.5,-3.9,5.3,0,1193
2011-12-16,1.3,-6.4,-0.3,0.5,1214
2011-12-17,1.2,-8.1,1.5,0,1214
2011-12-18,1,-4.9,4.3,0,1214
2011-12-19,0.9,-6,4.7,0,1241
2011-12-20,0.7,-5.8,5.5,0,1241
2011-12-21,3,-1.9,6.7,0.1,1241
2011-12-22,1.1,-6.6,3.5,0.1,1316
2011-12-23,2.1,-9.3,1,0.3,1308
2011-12-24,2.7,-7.2,1.2,0.8,1308
2011-12-25,1.6,-7.9,0,0.1,1308
2011-12-26,0.6,-9,0.2,0,1251
2011-12-27,0.8,-9.1,3.8,0,1282
2011-12-28,1.4,-6.3,5.9,0.1,1323
2011-12-29,0.8,-4.5,5.4,0.3,1338
2011-12-30,0.8,-6.7,4.6,0,1326
2011-12-31,1.7,-7.1,3.8,0,1326
2012-01-01,1,-4.7,3.8,0.4,1326
2012-01-02,1.3,-7.5,2.6,0,1319
2012-01-03,2.2,-5.8,2.8,0.7,1319
2012-01-04,1.1,-6.6,-1,0.8,1319
2012-01-05,0.9,-8.7,1.5,0,1338
2012-01-06,0.6,-7.8,3.7,0,1338
2012-01-07,1.1,-9,4.1,0,1338
2012-01-08,1.3,-8.2,4.7,0,1338
2012-01-09,1.2,-4,4.9,0,1350
2012-01-10,1.9,-3.7,4.5,0,1347
2012-01-11,1.1,-7.6,0.7,0,1340
2012-01-12,1,-9.6,2.2,0,1192
2012-01-13,1.1,-4.8,5.3,0,1194
2012-01-14,0.5,-6.6,4.9,0,1194
2012-01-15,0.9,-3.9,3.8,0,1194
2012-01-16,0.7,-4,7.3,2,1190
2012-01-17,0.7,-1.2,8.6,0.2,1240
2012-01-18,3.3,-1.8,7.3,0.4,1240
2012-01-19,2.8,1.7,7.4,5.9,1288
2012-01-20,0.8,3.5,8.9,1.4,1374
2012-01-21,3.4,1.4,6.7,1.5,1374
2012-01-22,2.3,-6.2,2.5,0,1374
2012-01-23,1.5,-9.6,-2.3,0,1374
2012-01-24,2.4,-10.6,-0.7,0.2,1374
2012-01-25,1.4,-9.7,-2,0.7,1377
2012-01-26,0.8,-10.9,3.2,0,1427
2012-01-27,1.1,-4.9,6.1,0.1,1431
2012-01-28,1.4,-3.8,5.7,0,1431
2012-01-29,1.8,-5.8,4.8,0,1431
2012-01-30,1.1,-7.1,2.4,0,1386
2012-01-31,3,-9.2,3.4,3.3,1374
2012-02-01,1.7,-10.6,-0.4,0.3,1510
2012-02-02,1.1,-13.9,-5.7,0.1,1522
2012-02-03,1.4,-13.7,-0.9,0,1522
2012-02-04,0.7,-7.5,4.1,0.1,1522
2012-02-05,0.7,-5.2,5.6,0,1522
2012-02-06,3.7,-4.3,6.2,1.6,1488
2012-02-07,2.6,-8.5,3,0,1511
2012-02-08,2.2,-11.1,-1.6,0.4,1576
2012-02-09,2,-8.8,1.7,0.2,1598
2012-02-10,1.6,-6.2,3.7,0,1629
2012-02-11,1,-8,3.6,0,1629
2012-02-12,0.7,-7.2,6.7,0,1629
2012-02-13,1.2,-0.9,6.5,0.5,1679
2012-02-14,1.8,-0.8,9,3.4,1676
2012-02-15,3.1,-1,7,0,1732
2012-02-16,3.1,-3.7,4.9,0,1779
2012-02-17,2.3,-6.5,0.1,0.1,1811
2012-02-18,1.4,-9,-0.3,0.1,1811
2012-02-19,1.2,-9.1,2.7,0,1811
2012-02-20,0.8,-8.4,7,0,1862
2012-02-21,1.1,-4.5,6.3,0.7,1866
2012-02-22,1.8,-2.2,10.7,0,2176
2012-02-23,1.5,1.1,10.8,0,2398
2012-02-24,1.1,-0.4,9.4,0.3,2395
2012-02-25,0.7,-0.5,5.3,1,2395
2012-02-26,0.9,-3.1,4.3,0.6,2395
2012-02-27,0.6,-6.4,6.8,0,2562
2012-02-28,1,-4.3,7,0.6,2636
2012-02-29,1.1,-2.2,12.1,0.1,2662
2012-03-01,2,0.9,14.5,0,2662
2012-03-02,2.8,4.1,7.9,2.1,2748
2012-03-03,3.3,2.4,10.6,0.5,2748
2012-03-04,2.8,2.7,8.4,4.4,2748
2012-03-05,2.5,3.6,7,15.7,2829
2012-03-06,1.8,2.3,7.9,3.6,2926
2012-03-07,1.3,0.6,9.9,0,2953
2012-03-08,2,-0.4,9.5,0,2996
2012-03-09,2.2,-1.2,9.6,0.5,2971
2012-03-10,4.5,0.7,9.6,0.1,2971
2012-03-11,2.7,-2.8,3.4,0,2971
2012-03-12,1.6,-5,5.1,0,2993
2012-03-13,1.9,-4.9,8.2,0,3011
2012-03-14,1.1,-2.7,11,0,3133
2012-03-15,1.2,-0.2,12.9,0,3201
2012-03-16,0.4,3.4,11.2,5.4,3253
2012-03-17,2.3,6.7,13.4,1.9,3253
2012-03-18,1.8,2.6,12.4,1.2,3253
2012-03-19,2.4,-0.8,9.5,0,3290
2012-03-20,1.9,-1.9,10,0,3330
2012-03-21,1.4,-2.2,12.7,0,3322
2012-03-22,2.1,2.3,10.4,7.6,3302
2012-03-23,3.8,3.7,8.3,19,3290
2012-03-24,3.7,2.2,8.8,1.2,3290
2012-03-25,2.5,1,8.8,0,3290
2012-03-26,2.1,-1.3,10.8,0,3337
2012-03-27,1.3,-0.7,15.6,0,3337
2012-03-28,2.1,3.7,17.4,0,3330
2012-03-29,2.5,1.8,18.9,0.6,3331
2012-03-30,3.4,7.8,15.5,25,3353
2012-03-31,2.5,2.8,11.8,0.1,3353
2012-04-01,1.1,-0.2,11.7,0,3353
2012-04-02,3,1.3,16.9,5.7,3352
2012-04-03,3.2,2.8,13.3,24,3325
2012-04-04,3.4,0.7,15.7,0,3318
2012-04-05,3.5,3,14.2,0,3300
2012-04-06,2.2,0.7,12.3,0,3363
2012-04-07,2.5,0,13.8,0,3363
2012-04-08,2.6,2.7,21,0,3363
2012-04-09,1.1,10.7,22.4,0,3355
2012-04-10,2.3,10.1,18,4.8,3399
2012-04-11,2.9,7.8,17.6,2.2,3399
2012-04-12,1.3,3.8,17.1,0,3385
2012-04-13,1.8,7.4,14.7,0.7,3425
2012-04-14,1.5,6.2,20.1,0,3425
2012-04-15,2,7.6,23.3,0,3425
2012-04-16,1.2,6.9,21.1,0,3468
2012-04-17,1.1,4.8,19.2,0,3495
2012-04-18,2.4,5.7,21.2,0,3494
2012-04-19,2.8,8.6,19.2,1.9,3473
2012-04-20,4.7,11.5,19.6,0.7,3471
2012-04-21,2.5,10.7,15,57.6,3471
2012-04-22,2,9.5,16.4,4.1,3471
2012-04-23,0.9,8.8,22.8,0.1,3452
2012-04-24,1.5,11.1,27.2,0,3462
2012-04-25,4.2,11.4,18.9,28.6,3458
2012-04-26,1.5,8.2,18.1,0.5,3451
2012-04-27,1.6,5.4,23.1,0,3461
2012-04-28,0.9,8.6,24.9,0,3461
2012-04-29,2.3,11,22.1,0,3461
2012-04-30,1.2,12.9,23.7,0.3,3462
2012-05-01,3.2,14.7,23.2,5.6,3462
2012-05-02,2,15.6,23.7,1.2,3360
2012-05-03,2,13.4,22.8,1.5,3384
2012-05-04,2.8,12,26.1,0.1,3260
2012-05-05,2.5,13.3,26.2,0.1,3260
2012-05-06,1.6,10.6,25,0,3260
2012-05-07,0.9,10.7,26.5,0,3199
2012-05-08,1.4,12.5,27,1.1,3058
2012-05-09,2.8,12.6,26.1,0.1,2931
2012-05-10,1.9,12.2,20.8,0.2,2764
2012-05-11,1.6,12.4,17.8,0.1,2695
2012-05-12,1.2,11.3,20.9,0,2695
2012-05-13,0.8,12.2,22.4,0,2695
2012-05-14,2,14,17.1,17.6,2632
2012-05-15,1.7,13.1,22.9,0.5,2613
2012-05-16,1.5,11.4,23.7,0.1,2540
2012-05-17,1.5,11.2,21.8,1.3,2587
2012-05-18,1.2,9.3,24.6,0,2576
2012-05-19,1.1,11,24.6,0,2576
2012-05-20,1.3,11.6,26.9,0,2576
2012-05-21,1.1,12.3,26.7,0,2586
2012-05-22,1.4,12.5,27.7,0,2551
2012-05-23,1.2,14.6,28.1,0,2512
2012-05-24,1.7,14.8,25.4,0.3,2366
2012-05-25,1.3,15.3,26.1,0.3,2346
2012-05-26,1.4,12.7,27.4,0,2346
2012-05-27,1.3,13,27.6,0.3,2346
2012-05-28,1.4,14.9,25.8,1.3,2346
2012-05-29,1,15.1,26.7,0.1,2304
2012-05-30,1.2,16.6,21.9,3.5,2288
2012-05-31,1.4,15.5,25.5,1.1,2305
2012-06-01,1.6,14.3,25.8,0,2310
2012-06-02,1.1,16.4,26.5,1.5,2310
2012-06-03,1.3,14.6,27.7,0,2310
2012-06-04,1.7,15.6,27.5,0.2,2298
2012-06-05,1.7,18.7,28.8,0,2294
2012-06-06,1,18.5,28,0,2294
2012-06-07,0.9,17.9,28.8,0,2165
2012-06-08,1.1,18,23.5,7.7,2158
2012-06-09,1.3,17.6,27,0,2158
2012-06-10,1,17.5,27.9,1.1,2158
2012-06-11,2,17.9,26.3,0.2,2142
2012-06-12,1.4,17.9,27.6,2.2,2093
2012-06-13,2.1,17.7,26.4,1.4,2130
2012-06-14,1.6,17.4,26.6,0,2139
2012-06-15,1.6,18.1,23,4.5,2066
2012-06-16,1.7,17.5,27.7,0.3,2066
2012-06-17,1,17.8,29.2,0,2066
2012-06-18,1.8,18.5,27.1,3.3,2041
2012-06-19,1.2,18.8,28.9,7.2,2068
2012-06-20,1.3,18.3,27.7,0.2,2060
2012-06-21,1.4,18.9,29.8,0.1,2060
2012-06-22,1.4,18.4,28.9,0.1,2060
2012-06-23,2.1,19.2,29.8,1,2060
2012-06-24,2.9,19.6,27.1,0.8,2060
2012-06-25,3.5,18.2,27.7,0,2116
2012-06-26,2.6,18.6,25.5,0.4,2239
2012-06-27,1.1,18.7,25,0.2,2358
2012-06-28,1.2,18.1,28,0,2510
2012-06-29,1.7,19.4,28.7,4.6,2597
2012-06-30,2.3,20.9,26,37.4,2597
2012-07-01,1.3,20.4,27.7,0.5,2597
2012-07-02,1.5,19.9,29.2,0.1,2689
2012-07-03,1.8,20.4,29.3,1.1,2782
2012-07-04,0.9,22,29.6,0.3,2793
2012-07-05,1.8,22.3,26.1,25.2,2960
2012-07-06,0.9,21,25.5,64,2978
2012-07-07,1.3,19.6,28.1,2.1,2978
2012-07-08,1.2,19.3,29.7,0,2978
2012-07-09,1.5,20,30.7,0,2996
2012-07-10,1.4,20.9,27.8,6.4,2991
2012-07-11,1.7,21.9,27.3,33.2,2921
2012-07-12,1.2,21.1,29.1,0.8,2716
2012-07-13,1.7,21.9,29,23.6,2675
2012-07-14,2.6,21.3,25.8,25.1,2675
2012-07-15,0.4,20.3,25.1,48.2,2675
2012-07-16,0.8,20.4,26.5,0.6,2671
2012-07-17,1.2,21.2,26.3,8,2659
2012-07-18,2.9,22.7,28.6,14.1,2686
2012-07-19,1.3,23.1,29.2,27.9,2850
2012-07-20,0.9,22.8,30.8,0.2,2849
2012-07-21,1,22.3,31,0.1,2849
2012-07-22,1,23.3,29,3.9,2849
2012-07-23,1.2,23.8,31.8,0.7,2800
2012-07-24,1.3,24.1,33.1,0,2806
2012-07-25,1.3,23.6,33.4,0,2773
2012-07-26,1.4,23.3,33.4,0,2775
2012-07-27,1.1,23.6,33.2,0,2809
2012-07-28,1.2,23.8,33.6,0,2809
2012-07-29,1.4,24.1,34,0,2809
2012-07-30,1,24.4,33.8,1.2,2837
2012-07-31,1.9,24.7,34.3,0.1,2772
2012-08-01,2.4,24.3,34.9,0,2764
2012-08-02,1.9,25.5,32.9,0.3,2522
2012-08-03,1,24.9,33.6,0,2533
2012-08-04,0.9,24.3,34.3,0,2533
2012-08-05,1.3,23.6,35.3,0,2533
2012-08-06,1.8,24.4,34.5,1.2,2550
2012-08-07,1.2,24,33.5,0.2,2600
2012-08-08,1.4,22.3,32.4,0,2752
2012-08-09,0.8,23,32.7,0.2,2883
2012-08-10,1,23.1,29,8,2891
2012-08-11,0.9,22.7,31.8,0.8,2891
2012-08-12,1.6,23.7,30.2,26.8,2891
2012-08-13,1.8,23.2,28.8,35,2984
2012-08-14,1,22.4,29.1,6.2,3033
2012-08-15,0.7,23.5,30.2,42.8,3033
2012-08-16,0.9,23.1,29.3,21.1,2972
2012-08-17,0.6,23.4,31.8,2.7,2970
2012-08-18,1.1,24.6,31.8,2.6,2970
2012-08-19,0.8,25.3,32.2,1.5,2970
2012-08-20,0.6,24.8,29.3,17.7,2991
2012-08-21,1.2,24,31.3,17.4,2977
2012-08-22,2.1,21.7,26.7,29.4,2977
2012-08-23,2,20.6,24.7,38.5,2995
2012-08-24,1,20.6,24.4,40.8,2968
2012-08-25,1.1,22,30.6,3.4,2968
2012-08-26,2.3,22.8,32.2,0,2968
2012-08-27,4.5,23.1,30.8,1.9,3023
2012-08-28,3,23.4,28.6,38.3,3058
2012-08-29,2,23.2,30.3,2.6,3179
2012-08-30,1.1,19.6,25.4,67.5,3406
2012-08-31,0.9,18.3,27.7,1.7,3394
2012-09-01,0.8,19.1,28.1,0.5,3394
2012-09-02,0.9,19.9,28.4,0.3,3394
2012-09-03,0.7,19.9,29,0.1,3395
2012-09-04,1.7,19.8,27,23.3,3423
2012-09-05,1,18.2,28,9.9,3457
2012-09-06,1.4,15.7,27.2,0,3393
2012-09-07,1.7,15.7,27.5,8.7,3366
2012-09-08,0.8,18.8,26.4,33.3,3366
2012-09-09,1.4,18,22.8,7.9,3366
2012-09-10,1,17.3,26.3,10.4,3434
2012-09-11,0.8,16.1,26.9,0,3479
2012-09-12,0.8,16.5,26.3,0,3495
2012-09-13,0.9,19.3,23.9,5.8,3492
2012-09-14,1.8,17.6,22.7,4.3,3490
2012-09-15,2.7,16.8,23.6,2.9,3490
2012-09-16,2.6,17.3,20.7,46.6,3490
2012-09-17,1.5,17.4,20.9,95.5,3462
2012-09-18,0.6,17.2,25.4,0.1,3507
2012-09-19,0.8,15.5,25.1,0.3,3622
2012-09-20,0.7,14.1,25.4,0,3747
2012-09-21,0.7,14.1,24.9,0,3784
2012-09-22,0.9,14.2,25.8,0.1,3784
2012-09-23,1,14.1,26.2,0,3784
2012-09-24,0.9,13.5,26.2,0,3999
2012-09-25,0.8,13.6,26.2,0,3851
2012-09-26,1,13.4,25,0,3784
2012-09-27,1.2,15.2,23.7,0,3817
2012-09-28,2,14.4,24.5,1.6,3849
2012-09-29,0.9,12.4,21.7,0.1,3849
2012-09-30,0.8,10.6,22,0,3849
2012-10-01,0.8,11.1,23.7,0,3849
2012-10-02,1,12,24.4,0,3938
2012-10-03,1,11.8,24.6,0,3938
2012-10-04,0.8,11.1,24.5,0,3997
2012-10-05,0.8,12.3,22.8,0,3998
2012-10-06,1.1,13.5,24,0.1,3998
2012-10-07,1,11.2,23.8,0,3998
2012-10-08,0.9,10.5,22.4,0,3983
2012-10-09,0.8,9.2,21.9,0,3909
2012-10-10,1.3,10.5,21.9,1.6,3699
2012-10-11,1,8.7,19.9,0,3673
2012-10-12,0.7,6.6,21.9,0,3618
2012-10-13,1.1,8.6,22.9,0,3618
2012-10-14,0.7,9.6,23.5,0,3618
2012-10-15,1,7.7,22,0,3689
2012-10-16,1.5,7.7,23,0,3658
2012-10-17,1.1,8.2,18.1,1.6,3571
2012-10-18,1,4.2,17.7,0,3705
2012-10-19,1.1,5.5,20.6,0,3689
2012-10-20,0.8,7,21.2,0.1,3689
2012-10-21,1.7,9.2,24,0,3689
2012-10-22,2.5,10.5,20.2,26.7,3645
2012-10-23,0.9,6.3,16.2,0,3623
2012-10-24,0.8,5.9,18.2,0,3619
2012-10-25,0.7,7.4,21,0.1,3468
2012-10-26,0.9,8.6,22.2,0,3434
2012-10-27,2.7,11.9,17.2,25.4,3434
2012-10-28,0.8,9.8,20.6,0,3434
2012-10-29,1.5,6.8,18.5,0,3372
2012-10-30,1.2,5.4,15,0.3,3325
2012-10-31,2.5,3.5,13.7,0.4,3315
2012-11-01,0.9,2.6,11.8,0.1,3109
2012-11-02,0.8,0.3,13.7,0,3035
2012-11-03,1.7,0.8,16.7,0,3035
2012-11-04,1.3,5.4,14.9,5.8,3035
2012-11-05,1.4,6.9,14.8,3,3198
2012-11-06,1.7,6.3,12.4,4.5,3134
2012-11-07,0.5,6.1,14.3,0,3172
2012-11-08,1.1,5.5,15,0,2824
2012-11-09,2.8,4.9,16.2,0,2791
2012-11-10,3.4,7.7,15.6,3,2791
2012-11-11,3.5,6.9,15,18.1,2791
2012-11-12,2.5,6.9,12.5,1.2,2913
2012-11-13,2.7,3.9,11.2,3.1,2935
2012-11-14,0.9,2.2,8.2,0.7,2886
2012-11-15,0.3,0.1,11.3,0,2819
2012-11-16,1.8,-0.5,10.9,5.7,2844
2012-11-17,0.9,3.6,10.9,4,2844
2012-11-18,1.7,-0.2,10.8,0,2844
2012-11-19,1.3,-0.2,11.6,1.1,2820
2012-11-20,0.8,-1.1,8.2,0,2820
2012-11-21,0.8,-2.3,9.6,0,2765
2012-11-22,1.7,0.5,12.5,0,2677
2012-11-23,1.3,3.2,9.8,0.5,2668
2012-11-24,0.9,-1.3,8.8,0,2668
2012-11-25,2.6,-2.9,9.3,1.2,2668
2012-11-26,1.5,0.7,8,2.8,2675
2012-11-27,1.4,-2.9,7.7,0,2691
2012-11-28,1.2,-0.9,13.2,0.8,2663
2012-11-29,1,-1.4,8.1,0,2710
2012-11-30,1.7,-2.4,8.6,0.1,2634
2012-12-01,0.8,-3.5,5.7,0.2,2634
2012-12-02,1.5,-0.7,8.4,0.6,2634
2012-12-03,3.5,-1.3,8.4,3.2,2600
2012-12-04,2,-2.7,3.7,0.1,2600
2012-12-05,2.1,-3.8,5.4,6.7,2600
2012-12-06,0.9,-7.4,-0.2,0.6,2710
2012-12-07,2.4,-6.4,2,3.3,2925
2012-12-08,2.1,-7.6,0.1,0.9,2925
2012-12-09,0.9,-10.1,-2.2,0.4,2925
2012-12-10,0.5,-10.2,0.1,0,3083
2012-12-11,0.5,-9.6,2.1,0,3221
2012-12-12,0.4,-8.8,3.6,0,3339
2012-12-13,1.5,-8.4,6.7,0,3331
2012-12-14,0.8,-1.2,6.6,25.3,3333
2012-12-15,0.7,2.1,8.7,0.5,3333
2012-12-16,2,-0.4,8.7,0,3333
2012-12-17,2.7,-0.6,7.1,0,3438
2012-12-18,1,-5.8,0.6,0,3416
2012-12-19,0.9,-8.1,0.8,0,3416
2012-12-20,0.6,-7.3,4.4,0,3543
2012-12-21,1.6,-2.2,3,6.7,3576
2012-12-22,3.3,-3.2,3.1,0,3576
2012-12-23,1.2,-9.2,-1.3,0.4,3576
2012-12-24,2.7,-12,-1.4,0.1,3617
2012-12-25,1,-9.5,0.7,0.3,3617
2012-12-26,0.5,-12.6,-2.1,0,3624
2012-12-27,0.4,-11.5,2.7,0,3634
2012-12-28,1,-3.3,2.2,7.3,3624
2012-12-29,2.7,-3.1,4.2,2.2,3624
2012-12-30,1.7,-8.1,1.4,1.5,3624
2012-12-31,0.4,-10.5,-1.2,0.2,3730
2013-01-01,3,-9.1,2.6,2,3730
2013-01-02,1.4,-11.2,0,0.4,3853
2013-01-03,0.6,-13.9,-5.1,0,3958
2013-01-04,0.8,-14.7,-1.9,0,4002
2013-01-05,0.8,-13.1,1,0,4002
2013-01-06,0.8,-8.5,2.1,0,4002
2013-01-07,1.1,-9.7,2.5,0,4007
2013-01-08,2.2,-8.7,3.2,0,3979
2013-01-09,1.1,-9.6,-1.5,0,3964
2013-01-10,0.6,-12,-0.8,0,3862
2013-01-11,0.9,-11.8,2.9,0,3956
2013-01-12,0.5,-5.6,7,0.1,3956
2013-01-13,1.2,-4.7,3.9,0,3956
2013-01-14,0.5,-6.1,5.7,0.1,3912
2013-01-15,1.2,-7.2,4.9,0,3939
2013-01-16,2.1,-5.7,3.9,0.1,3883
2013-01-17,1.3,-6.2,0.3,1.9,3888
2013-01-18,0.9,-9.1,3.2,0,3812
2013-01-19,0.9,-5.3,5.9,0,3812
2013-01-20,1.3,-4.7,7,0,3812
2013-01-21,1.1,2.2,5.3,19.3,3793
2013-01-22,1.2,2.3,5.7,2.2,3830
2013-01-23,2.8,0.9,4.1,1.4,3822
2013-01-24,4,-3.2,4.6,0.3,3719
2013-01-25,2.6,-6.7,-1.5,0,3719
2013-01-26,1.4,-8.9,-1.2,0,3719
2013-01-27,0.8,-8.8,-0.8,0,3719
2013-01-28,0.3,-8.7,4.4,0,3719
2013-01-29,0.4,-3.2,8,0,3721
2013-01-30,0.6,-0.9,11,0,3721
2013-01-31,1.8,0.3,12.7,0.5,3702
2013-02-01,3.3,4.8,12.2,31.3,3702
2013-02-02,0.9,-2,8.1,0,3702
2013-02-03,1.6,-4.7,2.8,3.2,3702
2013-02-04,0.6,-1.6,6.3,4.2,3702
2013-02-05,2.3,-3,3.5,3.9,3685
2013-02-06,3.9,-1.2,3.7,2.2,3771
2013-02-07,1.5,-10.9,0,0.1,3792
2013-02-08,1.2,-13.2,-2.5,0,3814
2013-02-09,2,-10.6,0.6,0,3814
2013-02-10,0.9,-7.1,3.8,0.1,3814
2013-02-11,1.6,-8,2.7,0,3814
2013-02-12,1.4,-4.4,1.7,0.3,3957
2013-02-13,1,-6.8,5.1,0,3991
2013-02-14,2.4,-3.3,7.9,0,4014
2013-02-15,1.2,-3.4,6.1,0,3982
2013-02-16,0.9,-7.2,4.6,0,3982
2013-02-17,1.9,-3.2,6.3,1.9,3982
2013-02-18,2.6,0.2,6.3,1.8,3973
2013-02-19,3,-3.4,4,0.5,4032
2013-02-20,2.1,-6.8,3.6,0,4012
2013-02-21,2,-5.2,5.3,0,4044
2013-02-22,2.6,-3.5,7.1,0.6,3949
2013-02-23,1.6,-5.1,5.2,0,3949
2013-02-24,0.8,-4.1,7.7,0,3949
2013-02-25,0.7,-3.3,10.3,0,4001
2013-02-26,1.8,0,9.4,0.2,4015
2013-02-27,0.7,0.8,13.1,0,3997
2013-02-28,3.3,-1.1,16.4,0,3996
2013-03-01,2.1,-1.2,11.2,4.9,3996
2013-03-02,2,-3.7,5.6,0,3996
2013-03-03,1.1,-4.1,7.4,0,3996
2013-03-04,1.4,-2.7,10.4,0,3949
2013-03-05,1,-2.6,12.9,0,3986
2013-03-06,0.8,-1,16.9,0,3986
2013-03-07,1.4,3.5,14.6,0.8,4069
2013-03-08,2.5,2.5,18.3,0,4076
2013-03-09,3.8,2.3,23.7,0,4076
2013-03-10,1.2,0.4,13.9,0,4076
2013-03-11,1.2,-3.2,13.1,0,4028
2013-03-12,2,-0.3,16.5,1.4,4085
2013-03-13,2,2.1,12.4,16.1,4085
2013-03-14,1.8,0.3,9.7,0,4159
2013-03-15,1.3,-1,13.4,0,4133
2013-03-16,1.6,1.2,15.8,0,4133
2013-03-17,2.2,0.3,17.6,16,4133
2013-03-18,1.4,7,15.5,16.3,4080
2013-03-19,2.5,5,15.8,0,4080
2013-03-20,1.6,-1.1,11.9,2.3,4016
2013-03-21,1.5,-4.1,9.8,0,3998
2013-03-22,1.1,-0.5,11.3,0,3986
2013-03-23,2.4,0.5,13.8,0,3986
2013-03-24,2.2,1.3,12.4,0,3986
2013-03-25,1.4,-0.1,8.7,0.8,3986
2013-03-26,1.5,-2.3,12.5,0,3986
2013-03-27,1.7,1.3,17.2,0,3996
2013-03-28,2.2,2.7,17.3,0,3999
2013-03-29,1.5,1.9,13.2,0,4023
2013-03-30,1.5,0.8,12.9,0.3,4023
2013-03-31,0.9,2.4,13.7,0.6,4023
2013-04-01,1.6,1.1,16.8,0,4161
2013-04-02,2.5,4.3,12.1,1.4,4161
2013-04-03,1.3,3,17.7,0,4170
2013-04-04,1.6,4.7,20.3,0,4141
2013-04-05,1.3,5.1,19.9,0.3,4153
2013-04-06,2.8,3.7,13,24.7,4153
2013-04-07,1.8,1.8,9.6,1.6,4153
2013-04-08,4.1,0.4,16.3,0.1,4199
2013-04-09,2.7,4.2,13.1,0.3,4236
2013-04-10,3.6,1.2,10,0.1,4256
2013-04-11,2.1,1.8,12.1,0.5,4253
2013-04-12,2.2,0.8,12.9,0,4253
2013-04-13,3.7,1.1,19.8,0,4253
2013-04-14,0.7,4.3,17.5,1.5,4253
2013-04-15,2.7,0.9,14,0,4238
2013-04-16,3.3,5.8,24.5,0.1,4238
2013-04-17,2.8,9.2,17.3,0.3,4218
2013-04-18,2,7.3,18,0,4218
2013-04-19,0.9,3.7,15.3,0,3966
2013-04-20,2.6,3.5,8.5,9.7,3966
2013-04-21,1.5,3.1,15.2,0,3966
2013-04-22,1.3,2.3,18.9,0,3974
2013-04-23,2.4,8.6,14,22.1,3974
2013-04-24,1.8,8.9,19.4,1.5,3991
2013-04-25,3.1,6.6,16.4,2.2,3856
2013-04-26,1.8,6.4,17.3,0.5,3704
2013-04-27,1.2,4.9,19.1,0.8,3704
2013-04-28,2,7.1,22.1,0,3704
2013-04-29,2.7,9.4,19.1,7.5,3823
2013-04-30,1.8,6.2,21,0.1,3752
2013-05-01,1.6,6.8,17,0.2,3752
2013-05-02,2.1,6.7,17.9,1.1,3307
2013-05-03,1.9,6.3,19.2,0.9,3293
2013-05-04,2.3,8.7,20.5,0.1,3293
2013-05-05,1.8,7.6,23.6,0,3293
2013-05-06,1.4,8.9,25.1,0,3205
2013-05-07,1.4,9.7,23.1,0,3241
2013-05-08,1.2,8.8,26.4,0,3218
2013-05-09,1.6,11.5,24.4,3.8,3130
2013-05-10,2,12.8,19.5,15.9,3100
2013-05-11,2.6,11.9,25.5,0,3100
2013-05-12,1.7,13,26.7,0.1,3100
2013-05-13,1.3,13.4,28.1,0,3097
2013-05-14,2.4,11.8,26,0,3128
2013-05-15,2.9,13.8,25.3,0,3116
2013-05-16,1.5,12.7,23.5,0,3009
2013-05-17,1.1,10.9,23.6,0,3009
2013-05-18,2.1,11,24,4.2,3009
2013-05-19,2.3,14.1,19.9,24.4,3009
2013-05-20,1.4,12.4,21.9,0,2944
2013-05-21,0.9,9.7,26.1,0,2933
2013-05-22,1.1,12.1,27.6,0,2918
2013-05-23,1.4,14.1,28.5,0,2890
2013-05-24,1,14.2,30.1,0,2874
2013-05-25,1,15.7,28.6,0,2874
2013-05-26,2.2,16.9,27,0,2874
2013-05-27,1.7,17.6,22.2,51.8,2864
2013-05-28,2.1,17.3,22.1,26.1,2859
2013-05-29,1.5,15.9,21.3,0.5,2842
2013-05-30,1.2,14.5,26.5,0,2777
2013-05-31,0.9,13.2,26.3,0,2770
2013-06-01,1.4,15.4,25.3,0,2770
2013-06-02,1.3,13.6,26.9,0,2770
2013-06-03,1.3,14.2,26.6,0,2752
2013-06-04,1.1,15.4,28.6,0,2734
2013-06-05,1.1,16.4,28.9,0,2723
2013-06-06,1.4,17.4,28.5,0.6,2723
2013-06-07,1.1,17.8,28.1,0.2,2737
2013-06-08,1.5,17.6,27.1,0,2737
2013-06-09,1.6,17.7,27.8,0,2737
2013-06-10,1.7,17.2,27.9,0,2737
2013-06-11,1.1,18.5,24.7,4.8,2716
2013-06-12,0.8,18.9,23.5,3.4,2691
2013-06-13,0.9,19.3,26.5,0.1,2650
2013-06-14,1.3,19.9,25.4,1.5,2659
2013-06-15,1.8,20,29.2,0.1,2659
2013-06-16,1.7,19.2,30.1,0,2659
2013-06-17,0.7,20,28.6,1,2693
2013-06-18,0.9,21.5,24.5,46.9,2706
2013-06-19,1.1,20.3,28.2,20.1,2737
2013-06-20,1.4,20.1,30,0,2775
2013-06-21,1.2,20.8,28.1,0.4,2788
2013-06-22,1.1,20,27.9,1.3,2788
2013-06-23,1.2,19.5,24.8,2.9,2788
2013-06-24,1.6,18.4,28.3,0,2773
2013-06-25,1,19.4,27.2,6.5,2774
2013-06-26,1.4,19.6,28.9,5.8,2741
2013-06-27,1,19.5,28.3,3.5,2741
2013-06-28,1,20.1,29,1.6,2741
2013-06-29,1,19.5,30.3,0.1,2741
2013-06-30,1,20,30.6,0,2741
2013-07-01,2.1,21.1,30.6,0,2690
2013-07-02,2.2,22.3,29.4,11.5,2683
2013-07-03,1.5,22.4,29.6,18.6,2657
2013-07-04,0.7,22.8,27.9,22.3,2659
2013-07-05,1.2,21.9,26.3,51.5,2636
2013-07-06,0.8,21.8,29.9,0,2636
2013-07-07,0.5,22.2,27.3,19.3,2636
2013-07-08,2,23.5,29,14.6,2676
2013-07-09,1.3,24.4,30.7,1.7,2707
2013-07-10,0.9,23.9,30.8,2.3,2693
2013-07-11,1.7,23.6,30.7,5,2701
2013-07-12,0.6,23.3,29.1,6.3,2694
2013-07-13,1.4,23.5,30.3,18.4,2694
2013-07-14,1,23.3,29.6,23.6,2694
2013-07-15,1.7,23.4,29.7,14.2,2690
2013-07-16,1.5,23.2,31.5,0.5,2726
2013-07-17,0.8,23.8,29.8,8.5,2734
2013-07-18,0.8,23.2,30.8,4.7,2763
2013-07-19,1.4,22.4,31.8,0.4,2816
2013-07-20,1,23.4,32.2,1.1,2816
2013-07-21,0.9,24.2,31,1.3,2816
2013-07-22,0.6,24.5,31.6,16.6,2878
2013-07-23,2.4,24.5,28.4,17.3,2889
2013-07-24,2,23.8,30.1,4.8,2942
2013-07-25,1.4,22.6,31.7,0,3019
2013-07-26,1.3,22.6,32.4,0,3075
2013-07-27,0.5,22.2,31.8,0.1,3075
2013-07-28,1.5,23.6,28.9,11.1,3075
2013-07-29,0.8,24.2,31.6,5.2,3147
2013-07-30,1.2,23.2,31.3,8.5,3303
2013-07-31,1,24.1,31,12.9,3365
2013-08-01,0.9,23.8,32.2,3.6,3376
2013-08-02,1.2,24.6,30.6,3.7,3359
2013-08-03,1.1,24.5,31.9,9.1,3359
2013-08-04,1.1,24.6,32.1,7.6,3359
2013-08-05,0.9,24.1,32.2,4.9,3369
2013-08-06,0.9,23.7,32.9,9.8,3388
2013-08-07,1.4,24.3,34.3,0,3426
2013-08-08,1.1,25.9,34.6,0,3450
2013-08-09,0.8,25.9,34.6,2.1,3535
2013-08-10,1.1,24.6,33.8,6.4,3535
2013-08-11,0.9,24.3,34.7,0.2,3535
2013-08-12,1.2,24.6,34.5,0.2,3575
2013-08-13,1.2,24.2,33.9,0,3698
2013-08-14,1.1,23.8,33.7,0,3705
2013-08-15,1.2,23.6,33.8,0.1,3705
2013-08-16,1.5,24.1,34,0.5,3801
2013-08-17,1.2,24.3,33.5,0,3801
2013-08-18,1,24.4,34.1,0.7,3801
2013-08-19,0.8,23.9,34.1,2.5,3924
2013-08-20,1,23.1,33.5,0.6,4080
2013-08-21,1.2,23.6,32.4,1.4,4225
2013-08-22,0.9,24.5,33,6.6,4587
2013-08-23,0.9,23.6,28,38.7,4696
2013-08-24,0.9,21.9,28.2,31,4696
2013-08-25,1.1,20.7,30.6,2.3,4696
2013-08-26,1.1,20.6,30.9,0.1,4838
2013-08-27,1.2,20,31,0,5046
2013-08-28,1.1,21.1,30.7,0,5142
2013-08-29,1.5,21.7,29.7,23.4,5189
2013-08-30,1.1,22.1,29.6,4.7,5280
2013-08-31,1.1,19.7,28.1,3.7,5280
2013-09-01,0.8,18.8,28.3,0,5280
2013-09-02,0.6,17.4,27.9,0.2,5256
2013-09-03,1.3,16.5,24.4,0,5112
2013-09-04,1,14.7,27.1,0,5015
2013-09-05,0.8,15.4,24.4,0,4954
2013-09-06,0.7,17.5,21.8,5.2,4804
2013-09-07,0.8,17,25.5,1.6,4804
2013-09-08,0.8,16.7,27.9,0,4804
2013-09-09,0.5,16.7,27.7,0,4643
2013-09-10,0.6,18.3,27.4,3,4529
2013-09-11,0.5,19.9,25.5,9.9,4466
2013-09-12,0.5,20.4,25.6,2.9,4564
2013-09-13,0.8,20.7,28.7,14.4,4577
2013-09-14,1,20.1,25.6,40.6,4577
2013-09-15,1.1,18.1,28.9,0,4577
2013-09-16,0.8,15.2,27.1,0.1,4441
2013-09-17,0.9,14.4,28.9,0,4477
2013-09-18,0.9,16.3,30.1,0,4477
2013-09-19,0.8,17.3,28.6,0,4477
2013-09-20,1,17.3,29.2,0,4477
2013-09-21,2.8,18,29.5,0,4477
2013-09-22,0.9,18.5,27.4,1.6,4477
2013-09-23,0.9,17.2,28,0,4592
2013-09-24,1.8,17.8,26.3,3.8,4537
2013-09-25,1.2,16.2,24.2,1.1,4359
2013-09-26,1.1,12,23.4,0.2,4044
2013-09-27,0.9,10.3,24.6,0,3995
2013-09-28,0.9,15,22,2.1,3995
2013-09-29,1.6,17.1,20.6,26.8,3995
2013-09-30,0.7,18,25.9,7.2,3930
2013-10-01,1.4,16.7,26.5,0.5,3903
2013-10-02,1.1,14.7,24.4,2.4,3829
2013-10-03,0.7,10.7,22.8,0.1,3829
2013-10-04,1.3,9.2,24.6,0,3708
2013-10-05,2.7,11.2,25.6,0,3708
2013-10-06,1,16.9,24.7,2.7,3708
2013-10-07,1.7,19.5,26.9,0.9,3542
2013-10-08,1,18.5,22,30.7,3497
2013-10-09,0.7,16.8,24.7,0.6,3497
2013-10-10,2.9,16.5,23.9,8.2,3068
2013-10-11,1.8,13.1,23.6,0.3,3017
2013-10-12,0.6,9.9,22.3,0,3017
2013-10-13,0.9,9.3,23.8,0,3017
2013-10-14,2.3,11,25.2,0,2883
2013-10-15,1.2,10.5,19.6,5.8,2846
2013-10-16,0.8,6.3,17,0,2812
2013-10-17,0.7,5.3,18.3,0,2435
2013-10-18,1.2,6.8,20.6,0,2349
2013-10-19,1,8.6,20.5,0,2349
2013-10-20,1.6,11,22.7,0.1,2349
2013-10-21,2.5,10.1,21.2,0,2272
2013-10-22,1.2,9.7,21,0.2,2233
2013-10-23,1.2,10.6,21.8,0,2199
2013-10-24,1.6,9.2,20.5,0,2303
2013-10-25,0.9,6.4,17,0,2242
2013-10-26,1,4.7,16.7,0,2242
2013-10-27,0.7,3.9,18.3,0,2242
2013-10-28,1.1,4.3,18.4,0,2250
2013-10-29,1.3,5.4,19.6,0.3,2270
2013-10-30,0.7,7.2,17.9,0,2286
2013-10-31,0.8,6.6,19.8,0,2273
2013-11-01,0.7,7.9,21.2,0,2288
2013-11-02,1.1,10.2,18.4,2,2288
2013-11-03,0.7,9.4,18.6,0.1,2288
2013-11-04,0.8,7.6,17.9,0.3,2350
2013-11-05,0.3,5.3,19.3,0,2303
2013-11-06,2.3,7.5,17.3,0.9,2201
2013-11-07,0.5,6.7,18.4,0.5,1976
2013-11-08,0.8,3.6,16,0,1961
2013-11-09,2.9,7.1,16.6,12.5,1961
2013-11-10,1.7,4.2,15,0.6,1961
2013-11-11,1.4,1.2,9.4,0,1870
2013-11-12,0.7,-0.3,10.6,0,1870
2013-11-13,0.5,-1.2,12.3,0,1870
2013-11-14,1.1,0.6,11.5,0.5,1804
2013-11-15,0.6,3.8,14.8,0.7,1796
2013-11-16,3.4,1.4,14.7,0.5,1796
2013-11-17,4,3,11.2,1.4,1796
2013-11-18,3.8,0.7,6.5,1.4,1845
2013-11-19,2.2,0.4,6.8,0.8,1858
2013-11-20,1.4,-0.3,7.9,0.1,1887
2013-11-21,1.1,-1.2,9.6,0,1935
2013-11-22,0.8,-0.3,11.3,0,1935
2013-11-23,1.4,0.6,13.1,0,1935
2013-11-24,4.7,2.3,13.8,14,1935
2013-11-25,2,3.3,12.7,12.6,1947
2013-11-26,0.7,-0.8,8,0.3,2036
2013-11-27,1.4,-2,6.4,6.7,1997
2013-11-28,1.5,-4.5,2.2,1.3,2111
2013-11-29,0.6,-3.3,5.9,0.5,2164
2013-11-30,1,-1.8,10.8,0,2164
2013-12-01,0.4,-0.2,10.8,0,2164
2013-12-02,0.8,-1.1,9.5,0,2200
2013-12-03,1,0.4,11,0,2243
2013-12-04,0.4,-0.2,11.6,0,2218
2013-12-05,1.6,-0.1,10.5,0,2329
2013-12-06,0.6,-0.2,9.3,0,2367
2013-12-07,0.6,-1.3,10.5,0,2367
2013-12-08,1,-1,11.6,0,2367
2013-12-09,2.1,2.5,9.5,8.5,2394
2013-12-10,2.5,0.4,6,1.2,2371
2013-12-11,1.8,-1.7,4,2.2,2378
2013-12-12,1.9,-4.8,5.7,3.1,2486
2013-12-13,1.1,-5.8,2,0.3,2447
2013-12-14,1.1,-6.2,4.4,0.3,2447
2013-12-15,0.5,-5.2,3.8,0,2447
2013-12-16,1.1,-6.1,3.2,0,2564
2013-12-17,1.2,-2.5,6.3,1.7,2419
2013-12-18,2.9,0.9,8.5,0.4,2409
2013-12-19,2.3,-3.3,2.9,1.2,2548
2013-12-20,1.3,-4.2,2.4,1.2,2541
2013-12-21,0.6,-4.3,4.7,0.1,2541
2013-12-22,1.1,-5.7,4.9,0,2541
2013-12-23,0.5,-3.6,5.4,0,2578
2013-12-24,0.8,-5.5,6.8,0.1,2578
2013-12-25,1.1,-5.4,7.2,0,2578
2013-12-26,2.3,-1.5,5.3,0.3,2589
2013-12-27,1.6,-5.3,0.8,0,2562
2013-12-28,1.5,-8,0.8,0.1,2562
2013-12-29,2.2,-7.3,3.2,0.3,2562
2013-12-30,2.3,-2.4,7.6,0,2514
2013-12-31,2.9,-1.8,9.1,0,2514
2014-01-01,1.9,-0.3,9.2,0,2514
2014-01-02,0.8,-2.2,9.1,0,2515
2014-01-03,0.6,-3.2,10.1,0,2515
2014-01-04,1,-2.8,6.9,1.2,2515
2014-01-05,0.7,-3.7,6.6,0.1,2515
2014-01-06,0.6,-5.1,7.6,0,2530
2014-01-07,1.4,-4.3,7.8,0,2490
2014-01-08,2.3,-1.4,5.3,1.8,2429
2014-01-09,1.2,-8.1,-0.6,0,2412
2014-01-10,1.1,-9.6,2,0,2412
2014-01-11,1.8,-5.5,4.4,0,2412
2014-01-12,1.3,-5.1,5.3,0,2412
2014-01-13,1,-8.4,1.5,0,2375
2014-01-14,1,-9.3,3.4,0,2375
2014-01-15,0.6,-8.1,4.3,0,2375
2014-01-16,0.8,-6.6,5.2,0,2316
2014-01-17,1.8,-5,5.9,0,2316
2014-01-18,0.8,-4.6,3.9,0,2316
2014-01-19,1.3,-8.3,4.6,0,2316
2014-01-20,1.9,-2.2,5.5,1.5,2276
2014-01-21,1.1,-5.5,-0.1,1.4,2303
2014-01-22,0.6,-8,3.4,0,2270
2014-01-23,0.3,-7.5,7.1,0,2254
2014-01-24,0.8,-3.5,10.7,0,2231
2014-01-25,1.9,1.4,10.6,1.9,2231
2014-01-26,1,-4.1,5.6,0.2,2231
2014-01-27,1.6,-7,8.9,0,2242
2014-01-28,0.8,-3.1,9.3,0.1,2242
2014-01-29,1.2,-6.4,11.5,0.7,2262
2014-01-30,0.6,1.5,10.2,1.1,2262
2014-01-31,0.6,-3.1,10.8,0,2262
2014-02-01,0.9,1,13.4,6,2262
2014-02-02,2.7,5.1,14.2,0.4,2262
2014-02-03,2.4,-4.5,7.3,0,2250
2014-02-04,0.7,-8.1,-0.7,0,2250
2014-02-05,1.3,-8.1,1.4,0,2224
2014-02-06,3.5,-4.8,4.5,0.3,2233
2014-02-07,2.7,-1.8,6.7,2.8,2232
2014-02-08,1.3,0.4,4.6,3.2,2232
2014-02-09,2.3,-1.3,3.3,3.2,2232
2014-02-10,1.1,-2.6,3.4,2.2,2223
2014-02-11,0.8,-4.2,5.3,0.6,2207
2014-02-12,1.5,-3.3,6.5,0.4,2308
2014-02-13,1.6,-2.7,6,2.1,2284
2014-02-14,1,-1.6,6,0.2,2284
2014-02-15,1,-4.1,8.9,0,2284
2014-02-16,2,-3.9,10.1,0,2284
2014-02-17,2.9,0.7,8.3,2.5,2292
2014-02-18,0.8,-0.7,5.6,0.5,2251
2014-02-19,1.4,-2.8,6.7,0.1,2254
2014-02-20,0.9,-3.8,7.5,0,2218
2014-02-21,0.8,-4.4,7.9,0,2215
2014-02-22,0.9,-4.5,9.2,0,2215
2014-02-23,0.9,-3.3,10.4,0,2215
2014-02-24,0.8,-2.5,12,0,2231
2014-02-25,0.9,-1.3,13.6,0,2188
2014-02-26,1.7,1.2,11.5,4.1,2157
2014-02-27,1.8,3.4,15.5,0.2,2131
2014-02-28,1.2,3.1,11.8,0.1,2142
2014-03-01,1.3,4,9.8,2.1,2142
2014-03-02,1.1,0.4,10.5,0.6,2142
2014-03-03,0.9,-2.4,11.6,0,2121
2014-03-04,3,-1.1,11.4,0.2,2132
2014-03-05,2.7,-0.7,8,0.7,2104
2014-03-06,2.9,-4.1,6.5,0,2063
2014-03-07,1.7,-3.8,6.3,0,2043
2014-03-08,2.1,-3.2,8.2,0,2043
2014-03-09,1.9,-1.5,7.2,1.3,2043
2014-03-10,1.4,-4.4,8.8,0,2043
2014-03-11,0.9,-3.6,13.6,0,2026
2014-03-12,3.5,0.5,9.3,23,1973
2014-03-13,1.6,1.4,7.6,8.8,1938
2014-03-14,1.9,-0.9,8.4,0.3,1938
2014-03-15,1.3,-1.4,14.1,0,1938
2014-03-16,2,4.2,18,0,1938
2014-03-17,3.4,3.8,20.1,1.3,1937
2014-03-18,1.3,7.4,18.3,0.5,1890
2014-03-19,1.2,5.8,12.6,0.1,1890
2014-03-20,1.1,3,10.7,2.7,1918
2014-03-21,1.3,0.5,10.4,0,1898
2014-03-22,1.7,-1,15.6,0,1898
2014-03-23,2.1,2.4,18.3,0,1898
2014-03-24,1.2,2.2,18.1,0,1898
2014-03-25,1.4,11.2,18.1,9.3,1888
2014-03-26,1.2,9.5,19,8.9,1888
2014-03-27,1.2,6.4,20.6,0,1893
2014-03-28,1.1,7.6,24.1,0,1866
2014-03-29,1.4,11.7,17.2,10.7,1866
2014-03-30,1.2,8.2,18,3.8,1866
2014-03-31,1.2,5.5,19.8,0,1907
2014-04-01,1.4,5.3,21.8,0,1943
2014-04-02,1.8,6.3,22.6,0,1968
2014-04-03,1.9,5,18.1,4.9,1942
2014-04-04,1.6,2.8,11.9,0.8,1942
2014-04-05,2,1.2,12.3,0.6,1942
2014-04-06,2.2,2.5,13.9,0,1942
2014-04-07,1.5,3.9,19.2,0,1945
2014-04-08,1.5,3.9,20.7,0,1936
2014-04-09,1.5,4.9,20.9,0,1946
2014-04-10,1.4,7,20.7,0,1965
2014-04-11,1,7.8,17.8,0.1,1974
2014-04-12,1.3,9.4,18.1,0.1,1974
2014-04-13,2,8.5,19.3,2.4,1974
2014-04-14,2.1,5,22.5,0,1996
2014-04-15,1.2,7.5,23.6,0,2007
2014-04-16,1.2,11,23,0,2052
2014-04-17,2.1,7.7,20.5,12.5,2052
2014-04-18,3,10.2,18.4,0.7,2018
2014-04-19,1.6,9.1,16.3,0,2018
2014-04-20,1.8,8.5,19.9,0,2018
2014-04-21,1.5,8.3,21.9,0,1996
2014-04-22,1.4,8.6,22,0,1997
2014-04-23,1.2,6.7,24.2,0,1997
2014-04-24,1.4,8.5,25.2,0,2060
2014-04-25,1.3,8.4,25.8,0,2028
2014-04-26,0.9,9.8,23.7,0,2028
2014-04-27,2.9,13.3,18.8,12.1,2028
2014-04-28,3.3,12.4,15.4,27.2,2016
2014-04-29,1.1,12.1,17,23.2,2004
2014-04-30,2,11.1,19.3,1.1,1998
2014-05-01,2.3,10,23,0,1998
2014-05-02,3.3,10.1,25.8,0.2,2022
2014-05-03,2.2,9,20.9,0,2022
2014-05-04,2.6,7.6,20.5,1.2,2022
2014-05-05,2,6.3,17.2,0.1,2022
2014-05-06,1.7,5.6,19.8,0,2022
2014-05-07,2.4,6.2,22.7,0.3,2022
2014-05-08,1.3,10.6,20.6,2.7,1998
2014-05-09,1.6,8.3,23.4,0,2019
2014-05-10,2.2,9.2,24.7,0,2019
2014-05-11,2.7,11.1,23.2,18.5,2019
2014-05-12,2.1,14.2,22.4,15.6,2011
2014-05-13,1.7,12,27.4,0,2011
2014-05-14,2.7,14.4,23.6,1.6,2011
2014-05-15,2.3,14,24.5,0,2034
2014-05-16,1.3,11.7,26.1,0,1708
2014-05-17,1.1,12.1,25.9,0,1708
2014-05-18,1.2,11.6,25.8,0,1708
2014-05-19,0.9,11.8,26.8,0,1728
2014-05-20,2.2,14.8,23,4.5,1759
2014-05-21,1.6,13.2,24.7,0,1729
2014-05-22,1.7,12.7,27,0,1701
2014-05-23,1.5,15.4,24.1,0,1688
2014-05-24,1.5,15.4,28.6,0,1688
2014-05-25,2.7,17.6,25,7.7,1688
2014-05-26,2.1,15.3,26,2.3,1689
2014-05-27,1.3,13.5,29.5,0,1694
2014-05-28,1.8,16,28.4,1.2,1702
2014-05-29,1.3,15.5,31.1,0,1706
2014-05-30,1.4,15.2,32.1,0,1738
2014-05-31,1.3,16.3,32.4,0,1738
2014-06-01,1.5,18.3,29.9,0,1738
2014-06-02,2.7,18,24.2,5.9,1573
2014-06-03,3.4,17.2,21.3,19.8,1571
2014-06-04,2.4,18.3,25.3,3.1,1571
2014-06-05,1.3,18.2,23.8,1.2,1607
2014-06-06,1.1,16.5,27.4,0,1607
2014-06-07,1.5,15.8,26.6,0.2,1607
2014-06-08,1.6,17.9,25,0.7,1607
2014-06-09,1.6,17.9,25.4,0.9,1594
2014-06-10,1.6,18,25.4,4,1632
2014-06-11,1.1,17.6,25.2,4.8,1647
2014-06-12,1,16,24.3,7.2,1750
2014-06-13,1.8,16.3,25.4,1,1762
2014-06-14,2,16.7,28.2,0,1762
2014-06-15,1.4,17,28.7,0,1762
2014-06-16,0.9,17.4,29.6,0,1769
2014-06-17,1.1,19.2,26.1,1.9,1791
2014-06-18,1.3,17.9,28.3,0.3,1853
2014-06-19,1.5,18,27.9,0.3,1915
2014-06-20,1.9,18.3,26.7,1.4,1924
2014-06-21,1.6,19.2,24.3,2.3,1924
2014-06-22,1,18.4,26.5,5.9,1924
2014-06-23,1.1,18.3,26,12.4,1917
2014-06-24,1.2,18,27,2.5,1959
2014-06-25,1,18,28.4,0,1993
2014-06-26,1.4,19,29.3,0,2101
2014-06-27,1.7,18.8,29.9,0,2112
2014-06-28,0.9,19.9,29.3,0.8,2112
2014-06-29,1.1,18.9,28.4,0,2112
2014-06-30,1.3,19.4,29.5,1.7,2241
2014-07-01,1.4,19.5,31.1,1.5,2249
2014-07-02,2,20.1,27.5,7.7,2288
2014-07-03,1.1,19.5,23.5,25.8,2314
2014-07-04,0.7,20.2,28.7,0.9,2363
2014-07-05,1,19.5,27.3,0.8,2363
2014-07-06,1.2,19.5,24.1,8,2363
2014-07-07,1.7,19,28,0.9,2388
2014-07-08,1.4,21.5,29.1,4.2,2383
2014-07-09,1.7,23.4,30.4,7.2,2382
2014-07-10,2.2,23.2,32,0,2542
2014-07-11,1.1,21.5,32.4,0,2554
2014-07-12,1.8,20.8,29.2,0.9,2554
2014-07-13,1.4,20.9,28.4,8,2554
2014-07-14,1,21.3,31.1,0,2518
2014-07-15,1.3,21.3,28.5,2,2569
2014-07-16,1.8,21.5,29.9,2.4,2569
2014-07-17,1.4,21.7,27.6,7.7,2585
2014-07-18,1.3,21.8,29,18.6,2641
2014-07-19,1.1,22.5,31,9.2,2641
2014-07-20,1.5,22.7,31.9,0.1,2641
2014-07-21,2.2,22.4,31.7,0,2716
2014-07-22,1.7,23.3,30.6,2.1,2753
2014-07-23,0.7,23.2,29.7,10.7,2807
2014-07-24,1.9,23.1,31.2,11.7,2844
2014-07-25,3.3,24.2,32.6,8.8,2938
2014-07-26,1.2,21.6,29.5,1.8,2938
2014-07-27,0.8,19.1,29.8,0.2,2938
2014-07-28,1.2,18.8,28.7,3.3,3006
2014-07-29,0.9,20.6,29.4,2.7,3123
2014-07-30,1.1,22.3,33,0,3113
2014-07-31,1.6,23.8,34.2,5.5,3306
2014-08-01,2.8,23.4,32.5,2.4,3306
2014-08-02,2.4,24,30.6,46,3306
2014-08-03,1,23.7,27.2,35.2,3306
2014-08-04,1.5,23.7,27,9.1,3373
2014-08-05,0.8,23.8,31.5,1.2,3400
2014-08-06,0.8,22.9,29.9,5.8,3431
2014-08-07,2.5,21.2,26,17.6,3431
2014-08-08,3.4,20.4,27.4,3.9,3413
2014-08-09,1.3,20.8,28.4,1.9,3413
2014-08-10,1.5,20.6,28,21.6,3413
2014-08-11,1.6,19.3,28.7,0.4,3394
2014-08-12,0.6,19.9,30.4,0,3356
2014-08-13,1,20.7,26.7,2.5,3487
2014-08-14,0.9,19.5,22.8,18.2,3456
2014-08-15,0.7,20.3,27.8,3.6,3456
2014-08-16,1,20.7,29.4,0.2,3456
2014-08-17,1.9,20.4,25.9,19.6,3456
2014-08-18,0.7,19.8,23.9,56.9,3417
2014-08-19,0.4,21.1,26.1,12.2,3342
2014-08-20,2,21.5,26.3,13.3,3331
2014-08-21,1.7,21.5,27.4,37.7,3301
2014-08-22,0.9,20.4,29.5,0.9,3295
2014-08-23,0.9,20.6,29.8,0,3295
2014-08-24,1.3,21.1,28.4,5.7,3295
2014-08-25,1.5,21.9,25.8,40.1,3335
2014-08-26,1.7,21.3,28.6,5.6,3354
2014-08-27,1,19.8,26.1,1.8,3386
2014-08-28,1.2,18.8,26.6,1.2,3374
2014-08-29,1.3,18.4,27.2,4.1,3404
2014-08-30,0.7,17.3,27.5,0,3404
2014-08-31,1.1,16.8,26.2,0,3404
2014-09-01,1.4,16.8,28.3,0.1,3686
2014-09-02,1.8,18.1,25.4,7,3621
2014-09-03,1.6,19,24.4,31.7,3871
2014-09-04,0.9,18.6,28.1,0.4,3998
2014-09-05,1,17.7,29.7,0,3998
2014-09-06,1,18.7,28.8,0.6,3998
2014-09-07,1.1,17.7,29.4,0,3998
2014-09-08,1,18.8,29.4,0,3998
2014-09-09,0.9,17.5,28.2,0,3998
2014-09-10,0.8,16,27.6,0,3998
2014-09-11,0.7,15.8,28.2,0,4176
2014-09-12,1.4,17.5,25,0.3,4229
2014-09-13,0.9,16.8,27.3,0.2,4229
2014-09-14,1,15.4,26.9,0,4229
2014-09-15,0.9,17.7,27.6,0.1,4094
2014-09-16,0.8,16.4,27.1,0,4094
2014-09-17,0.8,17.1,24.3,2.4,3942
2014-09-18,1,15.3,24.9,0.1,3744
2014-09-19,0.8,13.5,25.1,0,3515
2014-09-20,0.8,12.7,26.6,0,3515
2014-09-21,0.9,13.6,26.1,0.1,3515
2014-09-22,1,13.4,27.4,0,3511
2014-09-23,1.6,15.1,26.5,8.2,3395
2014-09-24,0.9,17.1,21.7,61.6,3330
2014-09-25,0.8,16,26.2,0.3,3374
2014-09-26,1.1,16.1,25,0.4,3374
2014-09-27,0.7,15.1,26.3,0.1,3374
2014-09-28,0.5,16.3,26.8,0.1,3374
2014-09-29,2.2,18,22.1,4.9,3247
2014-09-30,0.9,15.6,23.2,1.1,3185
2014-10-01,1.1,14.9,23.3,0,3095
2014-10-02,2.4,14.5,23.5,2.3,3017
2014-10-03,2.1,12.7,21.8,0.2,3017
2014-10-04,1.9,11.3,22.4,0.3,3017
2014-10-05,0.7,10.9,22.2,0,3017
2014-10-06,1,9.9,21.8,0,2938
2014-10-07,0.7,8.9,22.7,0,2900
2014-10-08,0.8,9.2,23.2,0,2890
2014-10-09,2.6,10.2,24.3,0,2890
2014-10-10,2.3,10.5,25.6,0,2728
2014-10-11,1,13.4,24.9,0,2728
2014-10-12,3.9,12.6,22.5,0.9,2728
2014-10-13,1,11.4,20.4,14,2709
2014-10-14,1.1,7.9,19.6,0,2632
2014-10-15,1.2,6.7,20.2,0,2600
2014-10-16,0.9,7.5,19.7,1.4,2585
2014-10-17,0.8,4.7,21,0,2507
2014-10-18,0.7,5.7,22.5,0,2507
2014-10-19,0.5,7.1,22.8,0,2507
2014-10-20,2.3,14.1,18.6,18.4,2440
2014-10-21,2,13.2,18.8,41.6,2425
2014-10-22,0.8,9.7,16.8,13.7,2432
2014-10-23,0.8,7.7,19.3,0,2438
2014-10-24,0.8,8.3,21.5,0,2410
2014-10-25,1.2,9.3,23.1,0,2410
2014-10-26,1.4,8.9,22.6,0.1,2410
2014-10-27,0.8,6.8,18.5,0,2280
2014-10-28,0.7,3.4,19.2,0,2263
2014-10-29,0.6,4.6,20,0,2234
2014-10-30,0.9,6.2,19.9,0,2282
2014-10-31,0.7,11.1,15.1,23.6,2279
2014-11-01,3.1,12.5,18.3,1.9,2279
2014-11-02,1.9,8.7,15.6,2,2279
2014-11-03,0.9,3.6,14.2,0,2296
2014-11-04,1,2.6,17.8,0,2289
2014-11-05,0.8,3.4,18.6,0,2199
2014-11-06,0.5,7.5,18.9,0.1,2119
2014-11-07,0.6,5.5,16.2,2.4,2091
2014-11-08,1.3,7.7,15.4,0.5,2091
2014-11-09,0.8,5.3,16.6,0,2091
2014-11-10,0.9,2.6,17.2,0,2038
2014-11-11,3.7,2.3,16.2,0.4,2079
2014-11-12,3.5,3.3,12.9,2.2,2052
2014-11-13,1.7,-0.3,6.4,0.1,1820
2014-11-14,1.2,-0.5,11.3,0.2,1791
2014-11-15,1,0.2,11.9,0,1791
2014-11-16,1.4,3.2,14,0.2,1791
2014-11-17,1.1,2.9,12,0.5,1837
2014-11-18,0.7,0.6,12,0,1829
2014-11-19,0.7,-1.7,13.1,0,1832
2014-11-20,0.8,-0.2,14.8,0,1868
2014-11-21,0.5,1.4,16.2,0,1889
2014-11-22,1.1,3.7,15.8,1,1889
2014-11-23,0.6,4.1,13.9,0,1889
2014-11-24,3,8.1,11.5,28.1,1867
2014-11-25,1.1,7.4,13.3,1.7,1853
2014-11-26,0.8,5.5,14.9,0.1,1894
2014-11-27,1.1,3.6,15.9,0,1937
2014-11-28,1.5,5.2,12.6,5.9,1937
2014-11-29,1,6.6,15,0,1937
2014-11-30,4.5,6.8,11.9,9.5,1937
2014-12-01,3.4,-3.1,10.7,1.8,1937
2014-12-02,2,-5.1,0.6,0.7,1937
2014-12-03,1.9,-4.4,4.1,2.3,1937
2014-12-04,2.1,-3.4,3.1,1.6,1850
2014-12-05,2.1,-5.9,0.5,1.3,1782
2014-12-06,0.8,-6.3,1.9,0.2,1782
2014-12-07,1.3,-5.1,3.5,0,1782
2014-12-08,0.6,-3.8,5.2,1.9,1825
2014-12-09,0.6,-6.1,5.8,0,1839
2014-12-10,2.4,-2.3,7.8,0.4,1845
2014-12-11,1.7,-1.9,6.1,0.2,1862
2014-12-12,2.8,-3.4,3.6,1,1862
2014-12-13,1.5,-5.2,0.8,0.7,1862
2014-12-14,0.7,-6.9,3.4,0,1862
2014-12-15,3.2,-2.6,5.8,2.2,1899
2014-12-16,3.9,-6,4.2,5,1880
2014-12-17,1,-8.7,-3.2,1.9,1886
2014-12-18,0.4,-10.1,0.4,0,1910
2014-12-19,2,-9.2,3.1,0.6,1924
2014-12-20,1.3,-3.4,5.1,2,1924
2014-12-21,0.8,-7,1.3,0.7,1924
2014-12-22,0.3,-8,2.7,0.5,1973
2014-12-23,1.3,-5.9,5.9,0,1973
2014-12-24,1.6,-1.1,9,0.2,1973
2014-12-25,0.5,-3.9,4.3,0,1973
2014-12-26,0.6,-6.8,4.1,0,1958
2014-12-27,0.3,-6.7,7.1,0,1958
2014-12-28,0.8,-5.6,5.1,0,1958
2014-12-29,1.7,-1.7,8,0,1968
2014-12-30,2,-1.7,9.9,0,1938
2014-12-31,2.9,-4.1,4.7,0.9,1938
2015-01-01,1.6,-7.4,-1.9,0.5,1938
2015-01-02,1,-7.6,0.8,0.3,1957
2015-01-03,0.5,-9.3,4.3,0,1957
2015-01-04,0.6,-2.6,9.8,0,1957
2015-01-05,2.5,-2.7,10.1,4.1,1957
2015-01-06,1.6,-3.3,7.1,4.7,1980
2015-01-07,1.1,-6.5,1.6,0,1957
2015-01-08,1.1,-7.8,3.3,0,1959
2015-01-09,1.4,-5.1,4.9,0,1936
2015-01-10,2.1,-4.2,6.7,0,1936
2015-01-11,0.8,-3.3,6,0.1,1936
2015-01-12,0.6,-6.5,4.8,0,1936
2015-01-13,0.6,-6.5,7.9,0,1928
2015-01-14,0.8,-0.2,5.9,0.4,1913
2015-01-15,1.8,-1.3,9.1,0.2,1907
2015-01-16,2.7,-2.6,5.3,0.3,1896
2015-01-17,0.9,-4.6,3.1,0,1896
2015-01-18,2.9,-6.8,5.8,1.3,1896
2015-01-19,0.6,-1.3,6.4,0.4,1896
2015-01-20,0.4,-5.3,6.8,0,1889
2015-01-21,0.7,-0.6,6.5,3.1,1875
2015-01-22,1.1,0.5,6.3,1.9,1910
2015-01-23,1,-2.7,6.8,0,1910
2015-01-24,0.8,-1.9,8.8,0,1910
2015-01-25,0.8,-1.3,7.8,3.8,1910
2015-01-26,2.6,2.7,9.1,1.7,1912
2015-01-27,1.1,-3.7,4.6,0.3,1912
2015-01-28,0.5,-6,3.5,0.3,1912
2015-01-29,2.1,-3.6,3.7,1.4,1911
2015-01-30,1.2,-3.6,3.6,0.2,1894
2015-01-31,0.8,-6.9,2.6,0,1894
2015-02-01,0.7,-8,5.5,0,1894
2015-02-02,0.9,-5.5,7.3,0,1920
2015-02-03,1.1,-5.1,7.9,0,1920
2015-02-04,1.3,-3.4,6.1,0,1920
2015-02-05,1.5,-2.9,5.4,0.3,1920
2015-02-06,1.2,-3.6,7.4,0,1910
2015-02-07,4,-2.6,7.1,0,1910
2015-02-08,2.8,-8.3,2.5,0,1910
2015-02-09,3.4,-10.7,1.2,0.1,1919
2015-02-10,2.3,-2.2,8.1,0,1914
2015-02-11,2.9,-1.2,9.7,0,1950
2015-02-12,2.7,-3.2,4.8,0,1884
2015-02-13,0.8,-6.4,5.2,0,1881
2015-02-14,1.4,-4.8,9.2,0,1881
2015-02-15,1,-0.2,11,3.8,1881
2015-02-16,2.1,3.8,6.8,10,1923
2015-02-17,2,1.7,6.4,0.3,1952
2015-02-18,0.6,0.6,4.8,0.1,1952
2015-02-19,0.7,-2.1,8.3,0.2,1952
2015-02-20,1.4,-3.2,10.9,0,1952
2015-02-21,2.5,3.9,8.5,7.9,1952
2015-02-22,2.3,1.7,11.3,1,1952
2015-02-23,1.3,-0.2,8.6,0,2094
2015-02-24,1.3,-0.9,9.6,0,2067
2015-02-25,3.3,-0.4,11.2,0.1,2079
2015-02-26,2.2,-1.1,8.2,0.2,2082
2015-02-27,0.7,-3.7,4.1,0,2115
2015-02-28,2.7,-3.7,6.8,1.6,2115
2015-03-01,1.4,0.5,7.1,0.9,2115
2015-03-02,1.9,-3,10.5,0,2166
2015-03-03,4,0.5,7.6,2.8,2174
2015-03-04,0.8,-2.8,4.3,0,2202
2015-03-05,1,-5.6,6.8,0,2216
2015-03-06,1.1,-3.5,10.5,0,2216
2015-03-07,1,-2.4,12.2,0,2216
2015-03-08,3.5,-2.3,14.6,0,2216
2015-03-09,4.7,-3.3,11.3,0.1,2258
2015-03-10,4.2,-5.4,2.7,0,2293
2015-03-11,2.7,-3.3,8.1,0,2271
2015-03-12,1.7,-2.9,9.5,0,2286
2015-03-13,1.1,0.1,10.9,1.2,2308
2015-03-14,1.4,-2,11.7,0,2308
2015-03-15,1.1,-1.5,15.2,0,2308
2015-03-16,0.9,0.7,19.1,0,2289
2015-03-17,2.8,3,20.2,0,2280
2015-03-18,1.6,7.8,12.3,31.8,2305
2015-03-19,1.2,6.8,18.3,0.5,2310
2015-03-20,1.6,7.1,19.6,0,2340
2015-03-21,2.7,5.1,19.4,0,2340
2015-03-22,2.7,3.8,16.8,0,2340
2015-03-23,1.5,-0.3,11.5,0,2371
2015-03-24,1.3,-1.6,12.1,0,2401
2015-03-25,1.6,-2.4,14.2,0,2401
2015-03-26,1.4,-0.8,17,0,2406
2015-03-27,2,1.3,18.3,0,2415
2015-03-28,1.8,1.5,19.3,0,2415
2015-03-29,1.6,6.2,19.1,0,2415
2015-03-30,0.6,4.7,21.3,0,2442
2015-03-31,2.8,8.3,15.5,3.1,2480
2015-04-01,2.7,9.2,15.9,1.9,2486
2015-04-02,2.8,8.4,19.5,7.7,2509
2015-04-03,2.9,9,18.8,9,2529
2015-04-04,1.4,7.7,16.2,17.8,2529
2015-04-05,1.1,8.4,11.7,3,2529
2015-04-06,2.8,7.4,13.3,4.2,2546
2015-04-07,1.5,5.1,10.8,0.9,2559
2015-04-08,1.1,4.3,12.4,0.3,2568
2015-04-09,1.1,3.4,15.1,0,2538
2015-04-10,1.3,3.4,18.2,0,2538
2015-04-11,2.6,3.5,19.5,0,2538
2015-04-12,4,5.2,17.9,0.6,2538
2015-04-13,1.5,8.1,13.2,7.5,2516
2015-04-14,2.2,6.1,12.5,10.2,2565
2015-04-15,2.1,5.9,18.8,1,2574
2015-04-16,2.3,6,20.4,2.7,2617
2015-04-17,1.1,3.6,19,0,2640
2015-04-18,2.1,4.7,21.7,2.4,2640
2015-04-19,2,11.3,17.2,14.2,2640
2015-04-20,1.7,8.1,14.6,11,2697
2015-04-21,1.8,5.7,20.9,0,2780
2015-04-22,1.8,7.1,20.9,0,2795
2015-04-23,2.2,5.9,22.3,0,2738
2015-04-24,1.7,8.7,22.9,0,2719
2015-04-25,1.9,6.7,24.2,0,2719
2015-04-26,2,8.5,26.9,0,2719
2015-04-27,1,11.2,26.6,0,2768
2015-04-28,1.4,10.9,23.9,8.2,2779
2015-04-29,1.4,14,18.2,23.2,2807
2015-04-30,1.3,13.1,24,0.2,2715
2015-05-01,1.3,12.8,26.3,0,2715
2015-05-02,0.9,13.5,26.2,1.9,2715
2015-05-03,2.7,15.8,20.2,12.9,2715
2015-05-04,2,10.5,21.9,0,2712
2015-05-05,1.2,5.9,21.9,0,2712
2015-05-06,1.6,7.7,22.1,0,2913
2015-05-07,1.3,8.7,24.1,0,2962
2015-05-08,1.8,9.2,23.4,0,2972
2015-05-09,2,12.9,24.1,0.2,2972
2015-05-10,2.6,10.8,23.5,0,2972
2015-05-11,4,11.7,21.9,23.8,2972
2015-05-12,3.6,12.2,19.8,9,2855
2015-05-13,2.1,12.5,25.7,0,2870
2015-05-14,2.2,13.6,26.9,0,2870
2015-05-15,1.9,15.3,23.9,1.3,2870
2015-05-16,1.2,11.7,25.3,0,2870
2015-05-17,1.1,9.8,26.1,0,2870
2015-05-18,1.8,12.8,20.4,4,3034
2015-05-19,1.9,12.8,24.2,0.7,3242
2015-05-20,2,11.3,22.5,0,3342
2015-05-21,2,10.1,26.5,0,3600
2015-05-22,1.3,14,27.7,0,3653
2015-05-23,1.4,14.1,27.3,0,3653
2015-05-24,1.5,12.5,28.3,0,3653
2015-05-25,1.6,12.2,28.3,0,3653
2015-05-26,1.2,13.1,30.9,0,3639
2015-05-27,1.2,12.8,30,0,3655
2015-05-28,1.4,15.5,29.2,0,3697
2015-05-29,1.3,14.6,29.6,0,3742
2015-05-30,1.3,15.8,23,2.7,3742
2015-05-31,1.3,14.5,27.7,0,3742
2015-06-01,1.6,14.2,29,0,3562
2015-06-02,2.1,17.2,27.2,0.4,3475
2015-06-03,1.2,16.4,27.7,0,3438
2015-06-04,0.9,12.9,29.3,0,3422
2015-06-05,1.1,13.3,21.2,3.2,3411
2015-06-06,1,12.3,26.1,0,3411
2015-06-07,1,15,27.6,0,3411
2015-06-08,1.7,15.8,24.7,1.3,3397
2015-06-09,1.2,16.3,27.9,0,3421
2015-06-10,1.3,16.5,31.2,0,3405
2015-06-11,2.2,17.9,25.6,1.7,3490
2015-06-12,1.8,18.1,29.6,0.7,3502
2015-06-13,1.5,17.5,28.4,0.7,3502
2015-06-14,1.2,17.4,27.3,5.1,3502
2015-06-15,1.2,19.2,28.4,0,3508
2015-06-16,1.9,19.2,28.5,1.1,3408
2015-06-17,2.4,18.2,25.9,2.9,3384
2015-06-18,1.8,18.1,27.8,0.8,3387
2015-06-19,1.2,18.4,27.8,2.2,3359
2015-06-20,1,17.4,22.3,12.2,3359
2015-06-21,1.3,17,26.8,0.1,3359
2015-06-22,1.5,17.3,28,0.2,3327
2015-06-23,1.4,18.2,29,0.1,3303
2015-06-24,1.4,19.2,27.2,3.4,3303
2015-06-25,2.1,18.9,25.9,14.6,3214
2015-06-26,1.3,18.8,23.8,32.4,3140
2015-06-27,1.5,18.4,25.8,0.7,3140
2015-06-28,1.3,17.9,27.2,0,3140
2015-06-29,0.9,18.5,29.1,0.2,3126
2015-06-30,2.6,19,25.5,11.5,3022
2015-07-01,1.9,18.4,28.1,0.9,3015
2015-07-02,1.3,17,28.2,0.2,2989
2015-07-03,1.4,17.6,28,0.5,2983
2015-07-04,1.2,15.8,26.7,0,2983
2015-07-05,1.1,17,27.4,0.4,2983
2015-07-06,1,17.9,27.2,0.2,2987
2015-07-07,2.2,17.7,23.1,13.3,2998
2015-07-08,1.6,18.4,23.6,23,2932
2015-07-09,1.1,20.2,26.2,19.1,2937
2015-07-10,1.1,20.6,30.3,0,2937
2015-07-11,2.2,22,31.1,9.2,2937
2015-07-12,3.3,22.8,26.1,44.8,2937
2015-07-13,2.2,21.8,26.7,3.6,2998
2015-07-14,2.3,21,30.8,0.1,2941
2015-07-15,3.2,20.7,31.2,1,2921
2015-07-16,2.2,19.4,27.1,0,2921
2015-07-17,1,17.8,25.7,0.3,2904
2015-07-18,0.6,20.1,27.1,0.1,2904
2015-07-19,1,20.2,28.6,1.5,2904
2015-07-20,1.1,21.9,27.6,2.7,2895
2015-07-21,1,22.1,28.3,4.1,2867
2015-07-22,1,23,29.9,2.8,2837
2015-07-23,0.9,23.6,29.4,13,2861
2015-07-24,0.9,24.1,27.6,17.4,2812
2015-07-25,1.3,24,29.6,8.8,2812
2015-07-26,1.1,22.4,32.4,3.8,2812
2015-07-27,1.2,23.5,30.4,1.8,2821
2015-07-28,0.7,24.1,32,0.6,2798
2015-07-29,1.4,24.3,31.1,7.1,2785
2015-07-30,1.5,24.7,33.7,0,2720
2015-07-31,1.1,24.5,33.6,0.2,2720
2015-08-01,0.8,23.8,32.9,1,2720
2015-08-02,1.2,23.5,31.5,5.1,2720
2015-08-03,1.5,24.2,33.1,0,2723
2015-08-04,1.4,23.3,33.3,0,2708
2015-08-05,0.8,23.6,33.7,0,2715
2015-08-06,0.8,23.4,34.3,0,2736
2015-08-07,1.2,23.4,34.8,2.2,2712
2015-08-08,1.3,23.6,33.8,6.8,2712
2015-08-09,1.3,22.7,32.3,0,2712
2015-08-10,0.9,22.7,31.5,0,2779
2015-08-11,1.3,21.3,29.2,6.7,2778
2015-08-12,1,20.4,27.9,5.1,2829
2015-08-13,1,21,30.5,6.9,2750
2015-08-14,0.8,20.8,30.8,1.1,2750
2015-08-15,0.9,21.2,31.6,0,2750
2015-08-16,1.1,21.4,29.7,6.9,2750
2015-08-17,1.3,20.5,30.9,1,2673
2015-08-18,0.8,21.3,30,0,2728
2015-08-19,0.9,21.4,29,0,2814
2015-08-20,0.9,22,27.3,5,2882
2015-08-21,0.9,21.1,28.3,26.6,2838
2015-08-22,0.8,21.1,28.6,0.3,2838
2015-08-23,2,21.4,29.8,0.1,2838
2015-08-24,1.9,22.1,27.9,3.1,2881
2015-08-25,1.4,19.7,24,26.8,2892
2015-08-26,1.7,18.7,26.9,0.4,2901
2015-08-27,0.9,18.3,28.7,1.4,2836
2015-08-28,0.9,18.8,28.7,2.5,2817
2015-08-29,1.1,18.8,28.7,0,2817
2015-08-30,1.3,18.3,29.1,0.4,2817
2015-08-31,2,19.3,29.1,1.8,2908
2015-09-01,0.8,20.8,27.9,5,2887
2015-09-02,0.9,20,27.4,9.6,2881
2015-09-03,0.8,19.2,28.1,1.8,2865
2015-09-04,1,18.8,29,0,2857
2015-09-05,2.3,19.4,25.6,9.4,2857
2015-09-06,1.5,18,24.6,6.6,2857
2015-09-07,1.8,15.9,26.4,0.1,2888
2015-09-08,1.7,14.3,26.2,0,2870
2015-09-09,1.2,13.6,27.1,0,2846
2015-09-10,1.3,14.2,27.3,0,2765
2015-09-11,1.4,15.7,26.6,1.5,2795
2015-09-12,1.1,15.5,22.1,3.8,2795
2015-09-13,0.8,13.5,25.1,0,2795
2015-09-14,1.4,12.8,26.4,0,2810
2015-09-15,1.5,13.3,25.7,0,2760
2015-09-16,1.8,13.2,24.1,1.6,2733
2015-09-17,0.9,15.2,24.2,4.4,2699
2015-09-18,1.1,14.6,26.3,0,2706
2015-09-19,1,15.2,26.7,0,2706
2015-09-20,0.7,14.8,26.6,0,2706
2015-09-21,0.8,15.1,27.9,0,2740
2015-09-22,0.5,14.8,28,0,2687
2015-09-23,1.1,15.6,22.5,8.4,2703
2015-09-24,0.9,16.5,25.7,1.2,2691
2015-09-25,0.9,16.3,26.3,0,2697
2015-09-26,0.9,15.4,26.5,0,2697
2015-09-27,1,13.7,27.6,0,2697
2015-09-28,1.8,13.1,28.6,0,2697
2015-09-29,1.4,14.4,27,0,2697
2015-09-30,2.2,16.7,23.1,1.7,2783
2015-10-01,2.5,14.5,22.6,37.4,2770
2015-10-02,2.1,8.9,21.9,0,2748
2015-10-03,1.1,11.9,24.9,0,2748
2015-10-04,0.8,11,23.6,0,2748
2015-10-05,1,11,24.4,0,2788
2015-10-06,0.8,10.1,25.4,0,2732
2015-10-07,1.1,10.8,24.8,0,2717
2015-10-08,2.3,12.5,24.4,0.1,2732
2015-10-09,0.7,10.2,21.4,0.4,2732
2015-10-10,1.1,7.6,20.7,4.8,2732
2015-10-11,1.6,8.6,17,2.2,2732
2015-10-12,1.2,9.4,18.5,0.5,2727
2015-10-13,0.9,7.5,21.8,0,2675
2015-10-14,0.8,9.5,23.3,0,2640
2015-10-15,0.8,9.9,23.8,0,2617
2015-10-16,0.8,10.4,23.5,0,2596
2015-10-17,0.9,10.2,24.8,0,2596
2015-10-18,0.8,9.6,25.2,0,2596
2015-10-19,0.6,10.7,23.5,0.1,2592
2015-10-20,1,11.5,24.1,0,2569
2015-10-21,1.2,11.8,23.9,0.2,2501
2015-10-22,0.8,12.3,21.6,0.3,2453
2015-10-23,0.9,12.3,22,0,2398
2015-10-24,1,11.3,22.3,1.2,2398
2015-10-25,0.9,9.6,21,0,2398
2015-10-26,1.9,9.1,19.8,0.4,2370
2015-10-27,1.9,9.7,17.8,16.3,2340
2015-10-28,2,5.9,17.2,0,2328
2015-10-29,2,5.4,16.3,0.4,2356
2015-10-30,1.3,3.6,12.8,0,2326
2015-10-31,0.7,0.7,13.2,0,2326
2015-11-01,1.3,0.9,11.2,0.1,2326
2015-11-02,0.8,4.6,16.4,0.2,2317
2015-11-03,1,4.9,19,0,2297
2015-11-04,1.1,3.8,20,0,2310
2015-11-05,2.8,7.1,20.7,0,2221
2015-11-06,2.9,8,19.2,2.6,2210
2015-11-07,2.3,11.7,14.5,28,2210
2015-11-08,1.5,12.5,15.1,13.8,2210
2015-11-09,1.1,10.8,15.5,3.2,2200
2015-11-10,0.9,7.6,15.3,0.2,2207
2015-11-11,1.4,6.8,17.1,2,2174
2015-11-12,2.1,9.1,18.1,0.6,1919
2015-11-13,0.9,10.9,13.9,24.4,1875
2015-11-14,1,12,16.2,5,1875
2015-11-15,1,9.6,18.3,0,1875
2015-11-16,1,8.9,15.8,10.7,1949
2015-11-17,3.7,12.3,17.1,0.5,1991
2015-11-18,1.3,9.4,14.2,7.9,2042
2015-11-19,1.1,8.6,12.1,0.9,2020
2015-11-20,0.7,7.6,15.9,0.1,2020
2015-11-21,2,5.9,13.5,0.1,2020
2015-11-22,1.7,7.3,15.5,4.6,2020
2015-11-23,2.5,9.2,12.7,6.6,2058
2015-11-24,1.5,6,11.2,2.8,2164
2015-11-25,3,3.8,7.6,9,2174
2015-11-26,2.2,-1.1,4.5,3.3,2134
2015-11-27,0.7,-1.9,4,0.6,2213
2015-11-28,1.1,0.1,7.2,0,2213
2015-11-29,1.3,1.6,9.6,0.8,2213
2015-11-30,0.7,1.5,11.6,0.2,2232
2015-12-01,1.1,-0.9,12.1,0,2211
2015-12-02,3.1,2.9,11.3,5.7,2183
2015-12-03,3,-0.3,6.5,3,2240
2015-12-04,1.6,-0.6,5.7,0.5,2240
2015-12-05,0.5,2.1,8.7,0,2240
2015-12-06,0.6,-0.7,8.3,0,2240
2015-12-07,0.7,-2.5,9.9,0,2221
2015-12-08,0.5,0,11.1,0,2221
2015-12-09,0.4,-0.4,13.2,0,2221
2015-12-10,2.1,6.6,10.6,14.1,2247
2015-12-11,0.7,3.8,10.9,3.7,2202
2015-12-12,0.8,1.1,10.8,0,2202
2015-12-13,0.4,2.6,12.5,0,2202
2015-12-14,2.3,4.2,8.7,3.9,2175
2015-12-15,3,4.7,9.9,0.5,2178
2015-12-16,2,-1.6,5.5,2.4,2157
2015-12-17,0.6,-4.8,1.4,0.3,2129
2015-12-18,0.8,-6,4.7,0,2148
2015-12-19,0.3,-3,8.4,0,2148
2015-12-20,0.5,-2.5,6,0.8,2148
2015-12-21,1.2,0.5,9.3,1.5,2123
2015-12-22,0.4,-1.1,9.6,0.1,2125
2015-12-23,1.3,3.8,9,1.9,2127
2015-12-24,2,0.8,8.7,0,2147
2015-12-25,1.7,-2.6,5.8,0,2147
2015-12-26,1.6,-2.1,9.8,0.2,2147
2015-12-27,1.8,-4.6,3.7,0,2147
2015-12-28,0.8,-6.4,2.2,0,2160
2015-12-29,0.6,-6.7,4.8,0,2202
2015-12-30,1.1,-5.2,7.4,1.1,2202
2015-12-31,0.7,-1.7,6.3,0.3,2183
2016-01-01,0.7,-3.9,7.3,0,2183
2016-01-02,0.8,0.3,11.5,0,2183
2016-01-03,2.5,1,12.9,0,2183
2016-01-04,1.7,0.1,10.1,0,2215
2016-01-05,1.1,-2.4,4.4,0.5,2266
2016-01-06,1.8,-4.2,5.4,0,2269
2016-01-07,1.4,-2.6,4.3,0,2271
2016-01-08,1.7,-3.8,3.9,0,2242
2016-01-09,1.6,-3.8,5.5,0,2242
2016-01-10,1.3,-2.8,6.7,0,2242
2016-01-11,1.4,-4.4,4.3,0,2307
2016-01-12,2.2,-7.1,3.7,0,2307
2016-01-13,1.8,-4.9,2.3,0.8,2318
2016-01-14,0.5,-5.5,3.3,0.1,2280
2016-01-15,0.7,-5.3,6.2,0.1,2280
2016-01-16,0.7,-4,7.3,0,2280
2016-01-17,3.5,-1.3,5.6,3.3,2280
2016-01-18,4.3,-7.3,3.1,0.9,2299
2016-01-19,0.9,-9.7,-4.6,0.8,2313
2016-01-20,1,-10.9,-2.3,0,2354
2016-01-21,1,-8.4,0,0,2440
2016-01-22,3.2,-9.3,0.7,0,2448
2016-01-23,2.6,-11.3,-3.5,1.2,2448
2016-01-24,1.4,-14.2,-7.4,1.5,2448
2016-01-25,0.9,-12.4,-1.3,0.3,2476
2016-01-26,1.6,-7,3.5,0.1,2598
2016-01-27,0.7,-4.8,6.1,0,2715
2016-01-28,2.8,-4.6,3.6,6.7,2730
2016-01-29,1.2,0.3,4.4,8.2,2777
2016-01-30,2.2,-1.2,6.4,0.6,2777
2016-01-31,1.6,-3.2,2.9,0,2777
2016-02-01,1,-6.2,1.7,0,2881
2016-02-02,1.1,-8.6,2.7,0,2908
2016-02-03,1.6,-8.3,4.9,0,2914
2016-02-04,1.4,-4.8,5.9,0,2966
2016-02-05,1.9,-5,5.4,0,3026
2016-02-06,1.2,-5.6,3.3,0.5,3026
2016-02-07,1.3,-8,5,0,3026
2016-02-08,3.3,-5.7,7.4,0.2,3026
2016-02-09,0.8,-2.2,7.5,0,3026
2016-02-10,0.8,-4.9,10.8,0,3026
2016-02-11,0.8,-1.2,13.7,0.2,3003
2016-02-12,0.7,6.9,12,20.7,3003
2016-02-13,2.4,7.1,16.2,11.4,3003
2016-02-14,3.3,-3,9.5,0.8,3003
2016-02-15,2.4,-6,0.1,0.2,3033
2016-02-16,1.6,-4.4,4,0.5,3047
2016-02-17,1.7,-4.1,6.5,0,3078
2016-02-18,1.5,-2.9,9.7,0.1,3124
2016-02-19,1.9,-0.2,8.9,0,3124
2016-02-20,2.3,-0.6,8.7,0,3124
2016-02-21,1.1,-3.6,6,0,3124
2016-02-22,2.3,-1.5,6.5,0,3160
2016-02-23,1.9,-1.3,8.5,0.2,3160
2016-02-24,2.1,-4.7,3.4,0.6,3145
2016-02-25,2.3,-5.9,6,0,3147
2016-02-26,1.1,-2.3,7.3,0.8,3147
2016-02-27,0.7,1.2,10.6,1.4,3147
2016-02-28,1.4,-0.5,10.5,5.8,3147
2016-02-29,1.5,-4.8,1.3,0.3,3169
2016-03-01,1,-7.3,4.3,0,3169
2016-03-02,0.7,-3.8,10.4,0,3530
2016-03-03,0.7,-0.1,15.2,0,3672
2016-03-04,1.3,4.5,13.7,9.7,3711
2016-03-05,2.2,8.2,15.5,27.9,3711
2016-03-06,1.1,5.3,15.6,2.5,3711
2016-03-07,2.2,3.4,14.9,0,3741
2016-03-08,1.7,2.4,9.3,2.8,3806
2016-03-09,2.8,0.3,8.2,2,3878
2016-03-10,1.7,-1.9,5.7,0.1,3930
2016-03-11,1.4,-3.9,5.8,0,3924
2016-03-12,0.7,-4.2,8.7,0,3924
2016-03-13,1.2,1,8.4,0.2,3924
2016-03-14,1.3,-0.5,10,0,3808
2016-03-15,1.7,-2.5,13.3,0,3821
2016-03-16,1.2,3,16.4,0,3821
2016-03-17,0.4,0.9,18.3,0.1,3803
2016-03-18,1.2,7.9,15.4,9.3,3851
2016-03-19,1.2,5.2,16.8,0,3851
2016-03-20,1.6,3.3,13.8,0,3851
2016-03-21,2.2,2.3,15.6,0,3985
2016-03-22,2.1,2,16.9,0,3905
2016-03-23,1.8,4.1,13.6,0.5,3995
2016-03-24,1.3,1.2,12,0.2,4063
2016-03-25,1,1.4,11.1,0.2,4030
2016-03-26,1.7,0.2,12.1,0.5,4030
2016-03-27,1.4,0,14.1,0,4030
2016-03-28,2.7,0.7,17.5,0,4059
2016-03-29,2.2,4.8,18,0.1,4103
2016-03-30,1.1,6.4,20.3,0,4088
2016-03-31,1.2,4.8,20.7,0,4196
2016-04-01,1.9,4.3,22.8,0,4117
2016-04-02,1.3,5.7,21.5,0,4117
2016-04-03,1.6,8.9,15.2,9.5,4117
2016-04-04,2.1,7.6,15.6,1.8,4231
2016-04-05,1.5,5.1,19.6,0,4228
2016-04-06,2.1,5.7,21,12.2,4191
2016-04-07,2.2,9.2,18,21.9,4303
2016-04-08,2,8,21.7,0,4451
2016-04-09,2.5,8.2,22.2,0,4451
2016-04-10,2.9,8.2,21.3,0.4,4451
2016-04-11,1.5,6.8,16.1,0.2,4462
2016-04-12,0.9,6.2,19,0.6,4462
2016-04-13,2,10.9,18.2,13.1,4462
2016-04-14,1.7,9.6,21.3,0,4554
2016-04-15,1.9,6.5,21.2,0,4505
2016-04-16,4.6,7.9,20.7,29.2,4505
2016-04-17,3.5,10.1,17.2,9.5,4505
2016-04-18,2.3,8.3,18.9,1.2,4705
2016-04-19,1.3,7.4,19,0,4875
2016-04-20,1.5,7.3,20.3,0.7,4751
2016-04-21,2.6,10.9,17.3,28.8,4733
2016-04-22,1.6,11.2,24.6,0,4675
2016-04-23,1.3,10.9,20.7,0,4675
2016-04-24,1.3,7.2,22.1,0,4675
2016-04-25,1.9,7.3,24.9,0,4612
2016-04-26,3.3,8.7,25.4,1.4,4593
2016-04-27,2.3,10.8,15.5,25,4504
2016-04-28,1.7,9.6,19.2,2.4,4458
2016-04-29,2.1,8.4,20.9,0.1,4426
2016-04-30,1.8,8.8,23.8,0,4426
2016-05-01,1.7,10.4,26.1,0,4426
2016-05-02,4.1,11.8,25.9,7.8,4024
2016-05-03,6.2,11.7,19.8,26.8,3999
2016-05-04,1.4,11.7,22.3,0.2,3974
2016-05-05,1.6,9.3,26,0.8,3974
2016-05-06,2.3,13.9,22.5,1.7,3974
2016-05-07,1.4,11.3,23.6,0,3974
2016-05-08,1,9.3,24.8,0,3974
2016-05-09,1.6,13.6,23.4,0.2,4009
2016-05-10,1.6,12.2,17.2,20.1,3987
2016-05-11,2,11.4,21.7,0.9,3994
2016-05-12,2,11,25.1,0,3994
2016-05-13,1.6,11.9,22.5,0.1,3987
2016-05-14,1.9,10.5,23.9,0,3987
2016-05-15,2.8,11.7,24.3,12.6,3987
2016-05-16,1.2,9.9,21.7,5.9,3988
2016-05-17,1.3,8.6,26.6,0,3999
2016-05-18,1.1,11.4,29.3,0,3999
2016-05-19,1.4,12.4,28.8,0,3810
2016-05-20,1.1,11.9,28,0,3800
2016-05-21,1.3,12.3,27.9,0,3800
2016-05-22,1.1,12.4,28.1,0,3800
2016-05-23,1.3,12.5,27.8,0,3793
2016-05-24,1.4,15,21.3,20.3,3793
2016-05-25,1.1,13.7,25.8,0,3793
2016-05-26,1.1,15.1,25.9,0.1,3891
2016-05-27,1.3,16.8,27.5,0.1,3854
2016-05-28,1.4,16.3,27.1,0.4,3854
2016-05-29,1.7,15.7,26.5,0.6,3854
2016-05-30,1.8,14.4,28.4,0,3788
2016-05-31,1.8,15.5,28.1,0,3701
2016-06-01,1.4,15.8,26.5,0,3588
2016-06-02,1.6,13.1,27,0,3499
2016-06-03,1.1,14.3,28.3,0,3401
2016-06-04,1.7,16.3,22.9,3.9,3401
2016-06-05,1.1,15,27.3,0,3401
2016-06-06,1.1,16.8,22.6,0.7,3401
2016-06-07,1.5,17.9,25.9,0.3,3397
2016-06-08,1.2,18.1,25,1.7,3353
2016-06-09,1.2,17.4,28.3,0,3072
2016-06-10,1.5,17.7,28.8,0,3023
2016-06-11,1.2,19.3,28.6,2.1,3023
2016-06-12,1.7,20.4,26.5,2.6,3023
2016-06-13,1.6,19.2,27.7,0.1,2931
2016-06-14,0.9,18.4,27.4,0.5,2860
2016-06-15,2.2,18.7,24.9,4.8,2874
2016-06-16,2,19.1,25.9,1.7,2792
2016-06-17,1.3,17.5,29.5,0,2713
2016-06-18,1.6,17.9,29.8,0.8,2713
2016-06-19,1.2,19.8,29.2,1.4,2713
2016-06-20,1.3,18.5,28.4,5.7,2724
2016-06-21,1.9,20.1,28.1,0.3,2751
2016-06-22,1.4,20.6,26.4,7,2762
2016-06-23,1.9,19.9,29.4,0.1,2754
2016-06-24,2.5,19.9,25.2,30.3,2799
2016-06-25,1.8,18.8,27.3,0,2799
2016-06-26,0.9,17.5,29.3,0,2799
2016-06-27,1.4,17.6,27,1,2833
2016-06-28,1.2,17.8,27.4,0.5,2825
2016-06-29,1.6,19.2,26.7,0.9,2825
2016-06-30,1,20.8,29.2,1,2777
2016-07-01,1.7,22,27.6,55.2,2752
2016-07-02,0.7,21.5,27,24.6,2752
2016-07-03,1.9,20,25.3,22.3,2752
2016-07-04,1.1,20.2,24.7,53.2,2832
2016-07-05,1.5,21.5,28.6,39.5,2860
2016-07-06,1.3,21.2,27.4,27.8,2899
2016-07-07,1,20.9,29,1.2,2933
2016-07-08,1.3,20.8,31.2,1,2950
2016-07-09,1,21.2,32.1,0,2950
2016-07-10,1,21.7,31.1,0,2950
2016-07-11,1,22.2,30.3,2.9,3032
2016-07-12,1.6,22.4,28,8.2,3068
2016-07-13,1.1,22.1,29.9,0.1,3115
2016-07-14,1.6,21.4,30,2.3,3191
2016-07-15,1.9,20.7,28.7,0.8,3214
2016-07-16,1.5,20.4,23.8,27.9,3214
2016-07-17,1.4,20.7,27,0.9,3214
2016-07-18,1.1,19.7,28.7,0,3299
2016-07-19,1.3,20.4,30,0.1,3351
2016-07-20,1.2,21.6,29.8,0,3416
2016-07-21,1.2,21.5,29.7,0,3354
2016-07-22,0.7,21.7,30.7,0,3341
2016-07-23,0.9,22.2,31.2,1.7,3341
2016-07-24,0.8,23.6,32,4.8,3341
2016-07-25,1.3,24.5,31.6,5.8,3322
2016-07-26,1.2,24,32.8,0,3344
2016-07-27,1.7,24.5,32,0.9,3362
2016-07-28,0.5,24.8,32.7,0.8,3383
2016-07-29,1,24,32.1,9.7,3388
2016-07-30,1.2,25,33.3,6.7,3388
2016-07-31,1.1,24.4,33.5,4.1,3388
2016-08-01,1,23.7,32.8,2.4,3487
2016-08-02,1.4,23.6,30.9,3,3569
2016-08-03,1,23.1,31.8,1.6,3689
2016-08-04,0.7,23.4,33,0.2,3760
2016-08-05,0.9,23.3,33.6,0.2,3822
2016-08-06,1.1,23.4,34,0.6,3822
2016-08-07,1.2,24.1,34.2,1.5,3822
2016-08-08,1.2,24,34.5,4.9,3957
2016-08-09,1.2,23.9,32.6,0.6,4064
2016-08-10,1,23.9,34,0,4043
2016-08-11,1.2,24.1,35.4,0,4061
2016-08-12,1.3,24.4,35.6,0,4090
2016-08-13,1.2,24.6,35.3,0,4090
2016-08-14,1,25,34.4,1,4090
2016-08-15,1.4,25,33.8,2.6,4090
2016-08-16,1.1,24.2,33.2,4,4120
2016-08-17,0.9,23.2,33.3,0.7,4291
2016-08-18,1,23.7,33.6,0.4,4520
2016-08-19,1.2,23.8,33.6,0.4,4746
2016-08-20,1,24.1,34,0.1,4746
2016-08-21,1.3,23.2,33.8,0.2,4746
2016-08-22,1.4,23,34,1.2,5334
2016-08-23,0.9,23.6,32.2,1.8,5472
2016-08-24,1.4,22.9,33.2,0,5958
2016-08-25,2.4,21.3,33.7,2.1,6258
2016-08-26,2.2,18.3,27.2,11.3,6384
2016-08-27,1.1,17.1,27.1,0.6,6384
2016-08-28,1.3,17.3,23.3,22.8,6384
2016-08-29,1.8,16.3,25.4,3,6708
2016-08-30,3.5,16.9,24.7,1,7175
2016-08-31,1.4,18.5,25.3,7.8,7641
2016-09-01,1.4,19.6,30.2,2,7754
2016-09-02,1,19.4,24.8,28.9,7872
2016-09-03,1,19.7,27.1,20.5,7872
2016-09-04,0.9,21.1,29.4,2.1,7872
2016-09-05,0.8,21.7,29.1,1.3,7892
2016-09-06,0.9,20.2,27.8,0,8035
2016-09-07,1.3,19.9,27.9,1.3,8186
2016-09-08,1,18.6,28.2,3.2,8081
2016-09-09,1,18.9,28.5,1.4,8128
2016-09-10,1.1,18.7,27.6,5.1,8128
2016-09-11,0.9,19.3,27.3,1.2,8128
2016-09-12,1.1,19.1,25.9,7.8,7545
2016-09-13,0.8,17.7,28.2,0,7845
2016-09-14,0.7,18.7,27.7,0,7845
2016-09-15,0.8,18.2,28.2,0,7845
2016-09-16,1.7,19.6,25.3,5,7845
2016-09-17,2.4,18.8,22.8,85.6,7845
2016-09-18,2.7,18.3,22.8,6.5,7845
2016-09-19,2,17.1,24.1,0.2,8443
2016-09-20,1.1,13.9,24.4,0,8088
2016-09-21,0.9,12.7,24.1,0,7940
2016-09-22,0.8,15.8,24.6,0,7694
2016-09-23,0.8,14.4,26.1,0,7643
2016-09-24,0.6,15.4,27.1,0,7643
2016-09-25,0.7,16.1,26.6,0,7643
2016-09-26,0.4,17.9,26.5,2.2,7532
2016-09-27,1.3,20.1,26.7,5.4,7846
2016-09-28,2,18.8,24.7,7.6,7805
2016-09-29,0.7,17,21.7,1.3,7788
2016-09-30,0.6,15.9,19.9,13,7719
2016-10-01,1,16.3,22.3,2.4,7719
2016-10-02,1.3,17.8,24.4,6.1,7719
2016-10-03,2,18.9,26.9,9.6,7719
2016-10-04,1.5,16.8,27.2,0.6,7304
2016-10-05,0.7,16.7,24.2,51.1,6912
2016-10-06,1.3,14.4,24.3,0,6759
2016-10-07,1.7,14.8,22.8,9.3,6657
2016-10-08,1.6,14,21.5,23.6,6657
2016-10-09,0.8,8.8,17.8,0,6657
2016-10-10,0.8,8.4,19.1,0,6470
2016-10-11,0.8,10.2,20.6,0,6047
2016-10-12,0.8,10.8,21.2,0,5738
2016-10-13,0.7,10.6,20.2,0,5340
2016-10-14,0.7,9.2,23.1,0,5107
2016-10-15,0.5,10.6,24.3,0,5107
2016-10-16,1,13.9,18.5,18.5,5107
2016-10-17,0.8,14,23.2,0.3,4753
2016-10-18,1.1,12,22.4,0,4685
2016-10-19,1.6,12.6,23.3,0,4481
2016-10-20,1.4,11.7,22.7,0.1,4241
2016-10-21,0.9,14.9,18.8,0.4,4179
2016-10-22,3.2,13.6,21,0.4,4179
2016-10-23,0.9,11.4,17.6,2.3,4179
2016-10-24,1.1,9.5,19.4,0,4011
2016-10-25,1,11.3,19.1,13.7,3911
2016-10-26,0.9,10,18.3,0,3792
2016-10-27,0.7,9.1,19.2,0,3723
2016-10-28,1.3,12.1,16.5,5.6,3592
2016-10-29,1,7.1,14,0.7,3592
2016-10-30,1.1,2.9,15.1,0,3592
2016-10-31,1.9,4.4,11.6,0.3,3552
2016-11-01,1,0.4,9.7,0,3419
2016-11-02,1.2,-1.2,11.8,0.1,3422
2016-11-03,0.9,2.9,14.7,0.1,3233
2016-11-04,1.3,3.5,17.4,0,3218
2016-11-05,2.8,7.6,19.8,0.2,3218
2016-11-06,1.3,8.9,16.5,1.6,3218
2016-11-07,2.6,9.4,17.8,1.5,3270
2016-11-08,0.9,3.1,12.7,1.7,3255
2016-11-09,1,-0.7,10.5,0,3281
2016-11-10,1.7,2.8,12,3.1,3233
2016-11-11,0.9,4.5,15.2,0.9,3263
2016-11-12,0.6,2.9,18.2,0,3263
2016-11-13,0.9,6.9,18.3,3,3263
2016-11-14,2.3,10.2,18.7,2.3,3435
2016-11-15,1,3.4,15.2,0,3567
2016-11-16,0.6,0.3,14.3,0,3561
2016-11-17,0.7,3.3,16.1,0,3440
2016-11-18,1,3.6,15.6,12.8,3630
2016-11-19,1.3,10.6,16.7,1.2,3630
2016-11-20,0.5,7.3,17.6,0,3630
2016-11-21,2.1,6.1,14.2,0.1,3709
2016-11-22,1.6,2.5,10.9,0.9,3790
2016-11-23,1.9,-0.5,7.6,0.1,3762
2016-11-24,1.1,-3,5.5,0,3712
2016-11-25,0.4,-2.8,8.1,0,3725
2016-11-26,0.8,-2.6,4.3,2.4,3725
2016-11-27,1.6,1,8.5,0.1,3725
2016-11-28,0.7,-0.2,8.4,0,3725
2016-11-29,0.5,-2.3,10,0.2,3725
2016-11-30,3,1.2,10.7,2.5,3838
2016-12-01,1.1,0.8,10.8,0.1,3927
2016-12-02,0.7,-2.6,10,0,3927
2016-12-03,0.5,-2.6,12.1,0,3927
2016-12-04,2,1.1,10.2,0,3927
2016-12-05,2.2,2.5,13.8,0.1,3951
2016-12-06,0.4,-2.9,6.7,0,3959
2016-12-07,0.7,-4.2,7.6,0.1,3978
2016-12-08,1.7,-2.5,9.7,1.3,4057
2016-12-09,1.1,-0.5,8.9,1.3,4111
2016-12-10,0.6,-3.9,7.1,0,4111
2016-12-11,0.6,-5.7,7.8,0,4111
2016-12-12,0.7,-2.8,10.1,0.2,4044
2016-12-13,1.4,1.4,9.9,0.3,4077
2016-12-14,2.5,-1,4.7,2.5,4058
2016-12-15,1.4,-4.2,2.7,0.1,4077
2016-12-16,0.8,-6.9,2.9,0,4093
2016-12-17,0.6,-2.2,10.1,0,4093
2016-12-18,0.7,-1.1,10.6,0.1,4093
2016-12-19,0.7,3.4,10.5,4.9,4089
2016-12-20,1.4,3.3,13,0,4119
2016-12-21,3.3,3,13.7,24.2,4145
2016-12-22,3.3,4.4,15.3,14.4,4169
2016-12-23,1.1,-0.3,4.6,0.6,4163
2016-12-24,0.5,-2.3,4,0,4163
2016-12-25,0.5,-2.9,9,0.1,4163
2016-12-26,2.4,2.9,6.2,10.3,4206
2016-12-27,1,-3.2,4.5,2.1,4226
2016-12-28,1.7,-6.5,4.8,0,4200
2016-12-29,0.9,-4.5,2.1,0.2,4224
2016-12-30,0.8,-7,4.6,0,4219
2016-12-31,0.5,-2.9,7.1,0,4219
2017-01-01,0.8,-1.5,9.6,0,4219
2017-01-02,1.3,0.4,11.3,0,4382
2017-01-03,0.8,-0.9,9.8,0,4355
2017-01-04,1.9,-1.3,10.6,0,4380
2017-01-05,0.7,-0.7,8.5,2,4379
2017-01-06,0.6,0.8,10.5,0.1,4354
2017-01-07,1.1,-1.4,9.5,0.1,4354
2017-01-08,3,3.9,11.9,1.6,4354
2017-01-09,2.6,-0.5,8.1,0.1,4279
2017-01-10,2.8,-2.9,4.7,0,4279
2017-01-11,2.5,-6.2,2.8,0,4279
2017-01-12,2.5,-3.7,5.6,0.2,4279
2017-01-13,3.2,-5.9,2.8,0.3,4108
2017-01-14,1.3,-7.8,-1.8,0,4108
2017-01-15,0.8,-10.6,1.6,0,4108
2017-01-16,0.9,-8.8,4.4,0,4108
2017-01-17,0.8,-7.8,5.8,0,4108
2017-01-18,0.8,-4.5,5.9,0,4092
2017-01-19,1.9,-5,6.8,0,4092
2017-01-20,1.1,-5.4,1.4,3.3,4092
2017-01-21,3.6,-8.1,2,0.6,4092
2017-01-22,1.5,-6.9,0.1,0.6,4092
2017-01-23,1.2,-9.9,-1.1,0.1,4019
2017-01-24,1.1,-10.1,1.5,0,3987
2017-01-25,0.8,-9.7,3.3,0,3987
2017-01-26,3,-9.1,6.8,0.1,3987
2017-01-27,0.6,-3.7,6.6,1.2,3987
2017-01-28,0.4,-7.3,8.3,0,3987
2017-01-29,2.9,0.9,5.7,3.9,3987
2017-01-30,1.2,-5.5,3.2,1.1,3987
2017-01-31,2,-8.7,3.7,0,4008
2017-02-01,1.4,-5.4,4.2,0,3980
2017-02-02,1.1,-7.5,6.1,0,3990
2017-02-03,0.6,-3.8,8.6,0,3990
2017-02-04,1.7,-2.3,9.9,0.8,3990
2017-02-05,2.5,1.8,7.5,1.1,3990
2017-02-06,0.7,-2.6,4.7,0,3990
2017-02-07,1.7,-4.7,6.3,0,4001
2017-02-08,3,-3.6,5.3,0,4001
2017-02-09,3.4,-5,1.2,0.1,4010
2017-02-10,2.1,-6.8,-0.5,0.6,4010
2017-02-11,1.5,-7.5,1.8,0.1,4010
2017-02-12,1.2,-6.1,5.4,0,4010
2017-02-13,1.2,-5.9,7.3,0.3,4038
2017-02-14,1.1,-3.4,7.6,0,4010
2017-02-15,1.7,-5.3,11,0,4010
2017-02-16,3.5,-2.8,14.5,1.4,4010
2017-02-17,2.9,-1,12,1.7,4010
2017-02-18,0.9,-4.6,5.1,0,4010
2017-02-19,2.8,-5,10,2,4010
2017-02-20,0.9,-3,9.6,5.4,4010
2017-02-21,0.8,-6.2,7.9,0,4010
2017-02-22,3.5,0.3,5.9,16.1,4010
2017-02-23,2.1,-2,5,0,4010
2017-02-24,1.8,-4.7,6.1,0,4010
2017-02-25,1.1,-2.6,9.2,0,4010
2017-02-26,1,-2,10,0,4010
2017-02-27,1.3,-2.5,11.1,0.1,4010
2017-02-28,1,-2.5,13,0,4018
2017-03-01,2.3,0.7,12.7,2.1,4018
2017-03-02,1.2,-0.7,6.9,2,4018
2017-03-03,1,-3.2,11.7,0,4002
2017-03-04,1.5,-1,13.7,0,4002
2017-03-05,3,-0.3,13.8,0.2,4002
2017-03-06,3.6,-1.1,7,0.3,4002
2017-03-07,2.8,-3.2,4.4,0.5,4002
2017-03-08,3.6,-3.8,6.3,0,4002
2017-03-09,2.1,-1.6,11.3,0,4002
2017-03-10,1.3,-1.3,12.7,0,4002
2017-03-11,1.4,-2.2,15.8,0,4002
2017-03-12,1.8,0.2,16.4,0,4002
2017-03-13,1.8,2.7,13.7,0,4002
2017-03-14,0.9,0.6,11.4,0.6,4089
2017-03-15,1.5,-1.8,12.2,0,4089
2017-03-16,1.3,-1.4,13.1,0,3986
2017-03-17,1.6,-1.2,15.5,0,3986
2017-03-18,1,2.3,16.8,0,3986
2017-03-19,1.1,0.7,17.9,0,3986
2017-03-20,1.6,2.1,13.6,2.8,3942
2017-03-21,1.6,2.4,12.5,1.5,3942
2017-03-22,1.6,-0.6,14,0,3942
2017-03-23,1.3,3.8,15.1,0.1,3942
2017-03-24,1,2.3,13.3,0,3938
2017-03-25,1.2,4,9.7,6,3938
2017-03-26,1.9,2.8,10.8,1.2,3938
2017-03-27,0.8,2.4,10.8,1.3,3930
2017-03-28,1.4,0.7,13.6,0.7,3953
2017-03-29,1.2,4,14,1.1,3917
2017-03-30,1.9,2.8,18.4,0,3927
2017-03-31,1.2,6.2,12.1,3.8,3918
2017-04-01,1.9,4.1,12.3,3.4,3918
2017-04-02,1.7,1.7,15.1,0,3918
2017-04-03,1.6,2.9,20.2,0,3918
2017-04-04,1.2,4.1,21.9,0,3918
2017-04-05,2.2,10.2,16.2,17.7,3895
2017-04-06,1.1,10.5,17.1,9.8,3881
2017-04-07,2.1,8.5,21.9,0,3881
2017-04-08,2.7,8.1,23.1,0,3881
2017-04-09,2.3,9.2,18.2,0.6,3881
2017-04-10,1.9,8.3,19.5,0.1,3881
2017-04-11,2.8,8.4,18.2,10.8,3881
2017-04-12,2.4,7.2,17.7,0,3803
2017-04-13,2.6,4.6,20.3,0,3830
2017-04-14,2,8.5,20.5,0.9,3790
2017-04-15,1.3,11.3,24.8,0.1,3790
2017-04-16,1.1,10.3,26.6,0,3790
2017-04-17,2.1,10.8,17.2,15.3,3829
2017-04-18,3.2,8.6,20.1,3.1,3714
2017-04-19,1.4,7.4,19.4,0,3701
2017-04-20,1.7,8.9,17.6,0.9,3648
2017-04-21,1.1,7.1,19.9,0,3681
2017-04-22,1.9,7,20,0.1,3681
2017-04-23,1.9,6,21.8,0,3681
2017-04-24,2.3,6.4,22.5,0,3612
2017-04-25,3,11,22.4,0.8,3607
2017-04-26,2.4,10.1,20.1,1.2,3601
2017-04-27,2.6,6.4,19.3,0,3627
2017-04-28,2.4,6.2,23.3,0,3649
2017-04-29,2.2,8.2,25,0,3649
2017-04-30,1.8,11.9,27.7,0,3649
2017-05-01,1.3,11.3,25.4,0,3649
2017-05-02,1.1,9.4,24.7,0,2987
2017-05-03,1.2,9.5,27.2,0,2987
2017-05-04,2.5,11.3,26.4,0.3,2809
2017-05-05,3.9,15.6,25.1,3.7,2809
2017-05-06,2.8,11.1,22.6,0,2809
2017-05-07,1.6,9.2,24.7,0,2809
2017-05-08,1.6,10.3,24.9,0,2807
2017-05-09,1.4,12.9,19.1,11.2,2807
2017-05-10,1.3,12.6,19.7,1.1,2782
2017-05-11,0.9,12.3,25.8,0.3,2171
2017-05-12,2.3,14.4,21.8,1.7,2163
2017-05-13,4.1,12.3,24.5,2.9,2163
2017-05-14,2.3,11.3,22.7,0,2163
2017-05-15,1.7,10.2,21.7,0,2127
2017-05-16,1.4,11.1,22.2,0,2096
2017-05-17,1.5,11,24.7,0.7,2133
2017-05-18,1.9,11.5,27.4,0,2060
2017-05-19,1.7,13.5,29.5,0,2005
2017-05-20,1.7,13.8,28.4,0,2005
2017-05-21,1.4,13.8,27.9,0,2005
2017-05-22,1.6,13.1,27.3,0,1974
2017-05-23,1.4,13.7,25.5,1.4,1974
2017-05-24,2.6,16,25.4,3.6,1974
2017-05-25,2,13.2,27.8,0,2087
2017-05-26,1.5,10.9,21.7,0,2096
2017-05-27,2.1,9.8,25.1,0,2096
2017-05-28,2.1,11.8,28.3,0,2096
2017-05-29,1.9,16.6,30.6,0,2093
2017-05-30,1.3,16.2,30.4,0,2086
2017-05-31,1.1,16.5,27.9,2.5,2105
2017-06-01,2,16.2,27.3,2.6,2004
2017-06-02,2.4,12.3,25.6,0.1,1995
2017-06-03,1.8,14.2,25.3,0.2,1995
2017-06-04,1.7,11.5,27,0.2,1995
2017-06-05,1.6,13,27.6,0,2010
2017-06-06,1.6,14.5,21.7,10.7,2010
2017-06-07,2.6,15.9,21.2,5.5,2050
2017-06-08,2.2,15.9,26.4,0,2181
2017-06-09,1.8,15.5,28.6,0.4,2272
2017-06-10,1.6,16.6,26.6,0.4,2272
2017-06-11,1.9,14.2,27.1,0.9,2272
2017-06-12,1.5,14.7,24.8,0,2289
2017-06-13,1.9,14.7,25.4,2.1,2283
2017-06-14,1.8,14.4,27.2,0,2275
2017-06-15,1.2,16,29.8,0,2255
2017-06-16,1.4,16.4,28.7,0,2247
2017-06-17,1.4,16.3,29.3,0,2247
2017-06-18,1.4,16.3,31.2,0,2247
2017-06-19,1.2,17.1,31.7,0,2251
2017-06-20,1.9,18.1,28.7,2.1,2247
2017-06-21,1.6,18.7,29.1,0.3,2252
2017-06-22,1.2,18.2,30.3,0,2267
2017-06-23,1.1,18.6,31.5,0,2259
2017-06-24,1.4,19.3,29,2.5,2259
2017-06-25,1.7,19.1,28.2,10.4,2259
2017-06-26,1.7,19.6,26.8,12.4,2285
2017-06-27,1.5,19.7,28.1,3,2284
2017-06-28,1.1,19.8,29.9,1.5,2256
2017-06-29,1.3,20.4,28.6,5.2,2301
2017-06-30,1.3,20.8,30.4,0.3,2285
2017-07-01,1.5,22.6,29,4,2285
2017-07-02,2.5,23.3,28.8,23.3,2285
2017-07-03,1.6,23.5,29.1,29.4,2356
2017-07-04,0.9,22.9,29.8,20.7,2394
2017-07-05,1.3,22.5,31.2,1.7,2482
2017-07-06,0.8,22,30.5,15,2594
2017-07-07,0.6,22.9,29.1,4.4,2570
2017-07-08,0.9,23.4,28.6,24.4,2570
2017-07-09,0.7,23.4,32,9.6,2570
2017-07-10,1.9,24.1,28.5,26.7,2539
2017-07-11,1.3,23.2,30.7,4.8,2588
2017-07-12,1.3,23.1,32.6,0,2810
2017-07-13,1.2,22.2,33,0,3051
2017-07-14,1.5,22.9,33.2,9.8,3199
2017-07-15,1.2,23.1,28.4,20.7,3199
2017-07-16,1.7,23.7,30.4,25.1,3199
2017-07-17,1.3,23.4,30.6,6.2,3414
2017-07-18,0.9,23.1,30,3.4,3709
2017-07-19,1.1,23.5,32.8,0,3879
2017-07-20,1.3,23.8,33.6,0,4052
2017-07-21,0.7,25.5,34.1,0.7,4217
2017-07-22,0.6,24.8,32.2,4.6,4217
2017-07-23,0.6,24.4,29.5,13.2,4217
2017-07-24,1.7,24.9,31.2,10,4381
2017-07-25,1.5,23.9,31,10.7,4891
2017-07-26,0.8,21.7,30.8,0,5055
2017-07-27,0.6,20.4,31.1,0.3,5376
2017-07-28,1.1,22.2,30.2,11.3,5293
2017-07-29,1,23.4,28.5,7.4,5293
2017-07-30,0.7,23,30.6,0.8,5293
2017-07-31,1,23.1,27,19.9,5274
2017-08-01,0.9,22.9,31.9,2.2,5481
2017-08-02,1.5,23.8,32,0.4,5409
2017-08-03,0.9,23.1,31.9,0,5438
2017-08-04,1,23.5,33.9,0,5401
2017-08-05,1.2,24.7,35.1,0.6,5401
2017-08-06,1.7,25.1,34.8,1.7,5401
2017-08-07,1.3,24.8,33.8,1.6,5478
2017-08-08,0.9,23.5,32.3,0.4,5420
2017-08-09,0.8,23.5,28.4,11.6,5329
2017-08-10,1.5,23.4,29.1,15.7,5273
2017-08-11,1.4,22.3,31.2,8.8,5426
2017-08-12,2.1,21.8,30.3,0.8,5426
2017-08-13,2,21.4,26.8,3.1,5426
2017-08-14,1.8,21.4,25.1,42.9,5450
2017-08-15,2,21.6,25.2,29.1,5450
2017-08-16,1.1,22,28.3,6.4,5781
2017-08-17,1,21.8,28.7,5.3,5924
2017-08-18,1.2,21.7,29.9,6,6024
2017-08-19,1.6,21.9,29.1,8.1,6024
2017-08-20,0.9,22.7,27.8,24.6,6024
2017-08-21,1.5,23,29.4,26,6535
2017-08-22,1.2,23.4,31.6,8.2,6576
2017-08-23,3.2,24.4,32,10.6,6677
2017-08-24,1.3,24.7,31.6,14.4,6743
2017-08-25,1.2,21.2,31.3,3,6600
2017-08-26,0.7,17.9,29.6,0,6600
2017-08-27,1.1,16.6,28.6,0,6600
2017-08-28,2,18.3,28.8,8.4,6768
2017-08-29,1,18.2,26.9,1.1,6800
2017-08-30,1.1,16.6,24,0,6868
2017-08-31,1.2,15.5,27.3,0,6875
2017-09-01,1.1,16,27.6,0,6958
2017-09-02,0.9,15.3,26.5,0,6958
2017-09-03,1,15.3,27.8,0,6958
2017-09-04,0.9,17,27.7,0,7125
2017-09-05,0.6,18.1,23.4,1.6,6741
2017-09-06,1.2,18.5,23.9,15.4,6928
2017-09-07,1,17.8,26.9,1.2,6775
2017-09-08,0.9,17.7,28.8,0,6770
2017-09-09,0.9,17.4,28.8,0,6770
2017-09-10,1.1,18,27.4,0.2,6770
2017-09-11,1.2,18.2,23.6,46.6,6740
2017-09-12,1.1,17.1,27.8,0,6804
2017-09-13,1,14.4,27.2,0,6686
2017-09-14,2.1,13.6,27.2,0,6655
2017-09-15,2.2,16.5,25.3,0,6472
2017-09-16,2.1,16.1,24.8,0.1,6472
2017-09-17,1.2,17,26.1,1.8,6472
2017-09-18,1.1,15.2,27.2,0,6423
2017-09-19,1.8,16.5,27.3,3.5,6316
2017-09-20,0.9,14,24.5,0.4,6288
2017-09-21,1,11.8,25.7,0,6281
2017-09-22,0.9,14,26.5,0,6209
2017-09-23,1.1,14.9,26.3,0,6209
2017-09-24,0.9,16,27.6,0,6209
2017-09-25,0.7,16.9,28.5,0,6174
2017-09-26,0.8,16.9,28.3,0,6190
2017-09-27,2.1,17.3,22.6,21,6184
2017-09-28,1.4,15,25.1,0.2,6026
2017-09-29,0.7,10.3,21.8,0,5969
2017-09-30,1.3,9.9,25.9,0,5969
2017-10-01,1.3,12.9,20.3,21.2,5969
2017-10-02,1.7,16.5,24.6,15,5969
2017-10-03,1.4,14.9,23.1,0.6,5969
2017-10-04,1,13,22.3,0.1,5969
2017-10-05,0.8,13,21,1.1,5969
2017-10-06,0.9,13.9,19,8.4,5969
2017-10-07,1,15.9,24.6,0.1,5969
2017-10-08,1.1,16.3,26.5,0,5969
2017-10-09,1,16.4,27.1,0,5969
2017-10-10,2.2,16.8,26.6,1.5,5754
2017-10-11,0.7,14.6,21.8,6.3,5403
2017-10-12,1.4,10.6,15.5,9.3,4986
2017-10-13,1,7.7,19.2,0,4638
2017-10-14,1.2,8.9,20.3,0,4638
2017-10-15,0.8,10,19.4,0.8,4638
2017-10-16,1,12.1,20.2,0,4286
2017-10-17,1.5,9.7,21.6,0,3980
2017-10-18,0.9,13,18.7,0.3,3792
2017-10-19,0.8,11.3,20.5,0.5,3398
2017-10-20,1,10.1,22.4,0,3243
2017-10-21,3,9.4,22.6,0,3243
2017-10-22,1.8,9.4,21.7,0.1,3243
2017-10-23,0.8,8,18.6,0,3140
2017-10-24,0.8,7.3,18.5,0.1,3104
2017-10-25,0.8,6,19.8,0,3094
2017-10-26,0.8,6.9,19.5,0,2974
2017-10-27,0.9,9.6,21.5,0,3061
2017-10-28,2,9.2,22.1,0,3061
2017-10-29,1.6,7.6,19.4,1.9,3061
2017-10-30,1.1,2.9,14.1,0,2809
2017-10-31,0.8,1,17.5,0,2754
2017-11-01,0.8,6,18.5,0,2643
2017-11-02,1.9,9,19.3,0.1,2680
2017-11-03,1.6,7.1,18.4,1.3,2587
2017-11-04,1,3.6,13.8,1.3,2587
2017-11-05,0.8,1.4,15.7,0,2587
2017-11-06,0.6,2.6,18,0,2640
2017-11-07,2.4,6.4,19.8,0.1,2625
2017-11-08,0.8,7.5,19.6,0,2624
2017-11-09,2.6,2.8,17.6,0,2576
2017-11-10,2.4,4.3,19.4,2,2597
2017-11-11,1.1,1.7,12.1,0,2597
2017-11-12,0.8,-0.6,13.6,0,2597
2017-11-13,2.4,1.2,14.4,0.4,2621
2017-11-14,3.1,4.1,14.4,0,2646
2017-11-15,1.8,1.2,10.3,0,2591
2017-11-16,0.7,-1.6,9.3,0,2414
2017-11-17,2.7,-2,10.4,0.2,2384
2017-11-18,2.2,-2.1,7.6,0,2384
2017-11-19,1.8,-4.1,5.5,0,2384
2017-11-20,1,-1.5,8.3,0,2445
2017-11-21,0.7,-2.7,10.2,0,2461
2017-11-22,2.1,0.1,10.7,0.5,2434
2017-11-23,1.6,-2,6.7,0.6,2599
2017-11-24,1.1,-2.1,6.5,1.3,2622
2017-11-25,1.4,-3.4,10.4,3.3,2622
2017-11-26,0.6,0.8,12.4,1.3,2622
2017-11-27,0.9,-1.8,11.6,0,2686
2017-11-28,2.1,0.7,14.4,0,2708
2017-11-29,2.8,3.1,12.2,0,2727
2017-11-30,1.7,-1.9,6.6,0,2727
2017-12-01,0.9,-5.2,4.8,0,2727
2017-12-02,0.3,-4.9,8.1,0,2727
2017-12-03,2.7,-1.7,11,0.5,2727
2017-12-04,2.9,-2.6,6.9,0.2,2677
2017-12-05,0.8,-6,1.9,0.2,2670
2017-12-06,1.3,-5.2,6.7,0.9,2657
2017-12-07,1.8,-1.9,7.6,0.9,2653
2017-12-08,0.9,-4.3,2.4,0.2,2688
2017-12-09,1.6,-4.5,6.2,0,2688
2017-12-10,4.8,-1.1,8.9,2.2,2688
2017-12-11,1.7,-6.7,1.7,0.2,2637
2017-12-12,1.4,-9.7,-1.7,0,2637
2017-12-13,0.7,-9.6,0.4,0,2637
2017-12-14,0.8,-10.5,2.8,0,2635
2017-12-15,3.4,-7.2,4.7,0,2635
2017-12-16,1.9,-5.6,2.1,0.2,2635
2017-12-17,0.5,-9,0.3,0.1,2635
2017-12-18,2,-7.3,5.7,0.3,2743
2017-12-19,0.5,-5.9,3.4,0.1,2765
2017-12-20,1.4,-7.8,4.7,0.7,2788
2017-12-21,0.7,-4.8,5.8,0,2788
2017-12-22,0.6,-4.3,8.5,0,2800
2017-12-23,1.7,-1.1,11,0,2800
2017-12-24,2.9,1.3,8.1,14.2,2800
2017-12-25,3.3,-2.7,3.5,0,2800
2017-12-26,2.3,-4.9,4.1,0.1,2823
2017-12-27,0.8,-8,0.7,0,2865
2017-12-28,1.1,-6.9,3.7,0,2884
2017-12-29,0.8,-2.1,8,0,2901
2017-12-30,2.6,-1.6,7.1,0.6,2901
2017-12-31,2.5,-2,5.8,0.4,2901
